item_id,timestamp,mean,0.1,0.2,0.3,0.4,0.5,0.6,0.7,0.8,0.9
SET50,2024-03-21,1394.2454955687945,1353.104261164467,1369.3519390756294,1379.407590483172,1387.4520552105137,1394.2454955687945,1401.8878128802003,1410.0967368360575,1420.8746477650843,1434.6673696215591
SET50,2024-03-22,1394.1647155394976,1354.6532013679157,1370.239623020564,1379.9929947860292,1387.7612150043185,1394.1647155394976,1401.6339509379577,1409.4645185683567,1419.666498732259,1433.0669157462357
SET50,2024-03-23,1387.2348449340288,1349.9128414334225,1364.6018204623126,1373.8809794181564,1381.2099551588462,1387.2348449340288,1394.3469234299146,1401.720790528026,1411.3496504116042,1424.0201357881508
SET50,2024-03-24,1377.7939269652788,1340.1482599964165,1354.959709322056,1364.3530806525964,1371.6940806379464,1377.7939269652788,1384.9365284195642,1392.3336807486642,1402.0401624307672,1414.951282166563
SET50,2024-03-25,1348.03641964106,1300.4535203413043,1318.728604535283,1330.540570127194,1340.0402471327864,1348.03641964106,1357.0271905380057,1366.494457875629,1378.6389429987903,1395.2566480423784
SET50,2024-03-26,1393.4837157836382,1355.0384770722305,1369.8091343437527,1379.42763355277,1387.0939504316536,1393.4837157836382,1400.8142159989038,1408.471621744975,1418.4029566473516,1431.5671686063738
SET50,2024-03-27,1402.9679687133257,1365.2158002840542,1379.8018433423522,1389.2669621695368,1396.724446388942,1402.9679687133257,1410.110783029897,1417.5883783332865,1427.3581236253149,1440.3505997890813
SET50,2024-03-28,1393.3420226684038,1354.3720799890693,1369.3831442591213,1379.1671361269914,1386.8462124252203,1393.3420226684038,1400.707644923306,1408.4411950984882,1418.5270973667486,1431.9366296543787
SET50,2024-03-29,1382.5175597777788,1339.8018425506548,1356.1783161938042,1366.8917084651082,1375.3064664246842,1382.5175597777788,1390.578201470717,1399.0880827213086,1410.1007303637064,1424.865204495137
SET50,2024-03-30,1374.3480346312945,1330.7350773436483,1347.510701467232,1358.438190069182,1366.9899825115401,1374.3480346312945,1382.54135286433,1391.2385615664537,1402.4560587133255,1417.6226130126906
SET50,2024-03-31,1371.9838378539507,1324.0544877981188,1342.4640611486452,1354.438517889013,1363.8337327438853,1371.9838378539507,1380.9587720655784,1390.5599805727948,1402.8049146080843,1419.6305035836108
SET50,2024-04-01,1379.6707885375445,1334.7941587720654,1351.7412347730537,1362.9050793179217,1372.1312959283205,1379.6707885375445,1388.5963590276278,1397.5919543001357,1409.2090153977383,1424.3731629319295
SET50,2024-04-02,1377.4105041137163,1330.4746267143746,1348.1518943569276,1359.8177430695516,1369.4448423853644,1377.4105041137163,1386.7088379612087,1396.2043454801465,1408.2590796908173,1424.2200387396206
SET50,2024-04-03,1378.5143554320757,1329.9552881955995,1348.2396445543081,1360.2964631374027,1370.223906690801,1378.5143554320757,1388.0916999253034,1397.9829801486235,1410.3611793469527,1427.0030491333955
SET50,2024-04-04,1375.5711486449663,1326.5971748912325,1344.9907896139352,1357.1493416158874,1367.1549653907716,1375.5711486449663,1385.2321133933015,1395.289494980686,1407.702655136935,1424.5293753283877
SET50,2024-04-05,1398.0717284789507,1347.8022866725767,1366.6786605421328,1379.1496350926493,1389.3905621742763,1398.0717284789507,1407.958979988703,1418.330003505877,1430.9948257126437,1448.376418088059
SET50,2024-04-06,1388.14970089106,1336.7968833469304,1356.0823936912368,1368.8122427043568,1379.2430939135497,1388.14970089106,1398.227175788492,1408.8546212359663,1421.728909946352,1439.585099001596
SET50,2024-04-07,1382.1303222289507,1330.3207830255187,1349.736746229584,1362.5738810303415,1373.0859943172727,1382.1303222289507,1392.3129558046912,1403.0746723631066,1416.025790318161,1434.0673333562108
SET50,2024-04-08,1396.97684932856,1343.3282577072487,1363.1769681159333,1376.4369738052305,1387.5025068010982,1396.97684932856,1407.5453080669593,1418.7695935042334,1432.1321077384523,1450.8709548658871
SET50,2024-04-09,1392.3395507445757,1338.4736582489247,1358.37151001848,1371.6842204990535,1382.7641998654467,1392.3395507445757,1402.9681547975329,1414.2327960291605,1427.6397447909837,1446.4549244413984
SET50,2024-04-10,1409.9420287719195,1353.7919248677854,1374.6012341022574,1388.45833835112,1399.9194678799004,1409.9420287719195,1420.965444156126,1432.637114456391,1446.6058214884565,1466.333191025663
SET50,2024-04-11,1419.290570031685,1362.6840600084436,1383.6564350105473,1397.6153030234266,1409.1129584220346,1419.290570031685,1430.4039116218041,1442.1419234657246,1456.2546305899323,1476.1176916271922
SET50,2024-04-12,1421.1854674926226,1363.2435132301976,1384.8578965927031,1399.1140578234063,1410.761322889105,1421.1854674926226,1432.472374547312,1444.3940841930887,1458.8661572890262,1479.3202623312193
SET50,2024-04-13,1427.2393920531695,1368.4871682634969,1390.2385322058062,1404.6992832778467,1416.517999115556,1427.2393920531695,1438.7524414849233,1450.8816431624764,1465.6311515587356,1486.156960081123
SET50,2024-04-14,1408.1171386352007,1348.8340413395313,1370.9337347931962,1385.495269039167,1397.3121517234613,1408.1171386352007,1419.6539065527995,1431.8166144324061,1446.7439934049394,1467.5455911554795
SET50,2024-04-15,1419.2462279906695,1361.305964454631,1382.6647140705245,1396.8663263483072,1408.6128627312414,1419.2462279906695,1430.6002048223631,1442.578644281469,1457.245405485033,1477.4350877181141
SET50,2024-04-16,1410.53739620356,1352.8287325583756,1374.1979079676753,1388.3336275226973,1399.9569940485583,1410.53739620356,1421.7991948429367,1433.682113370751,1448.3306808261634,1468.460751010854
SET50,2024-04-17,1403.7298705687945,1343.7383899469578,1365.8122371178831,1380.5245466833849,1392.6248771285614,1403.7298705687945,1415.482508051996,1427.8725418663134,1443.143231558768,1463.9069285832093
SET50,2024-04-18,1405.8194701781695,1345.8908797299675,1368.122530024992,1382.8005283290518,1394.779747744499,1405.8194701781695,1417.4785163423087,1429.7792994784588,1445.0607523723622,1465.9119400209024
SET50,2024-04-19,1390.5365722289507,1328.9208937661024,1351.7497500078848,1366.8429332170138,1379.1374236920788,1390.5365722289507,1402.5310881974633,1415.180070860028,1430.9239498699385,1452.3028854574238
SET50,2024-04-20,1389.9816405883257,1327.3888451815837,1350.6699636158219,1365.9880907970519,1378.411708814954,1389.9816405883257,1402.1280799300566,1414.9385692858493,1430.9583261057512,1452.7220800380364
SET50,2024-04-21,1394.1424071898882,1331.8218228420278,1355.0220492912042,1370.2637676690017,1382.5982674931215,1394.1424071898882,1406.2494436151705,1419.001393390462,1435.0001002936501,1456.6178072115767
SET50,2024-04-22,1390.2099425902788,1325.4087511630573,1349.3250129767418,1365.1331250607495,1378.1757964978551,1390.2099425902788,1402.8553252549682,1416.1964891237144,1432.8628775749094,1455.3095348964066
SET50,2024-04-23,1396.4107787719195,1331.0968255694233,1355.2789829308745,1371.2047102474044,1384.2931282458435,1396.4107787719195,1409.1265433116673,1422.536463995653,1439.3545558141363,1462.0100102947279
SET50,2024-04-24,1398.9548156371538,1335.2046105633208,1358.812481406232,1374.3551982193294,1387.0991563212322,1398.9548156371538,1411.394886574169,1424.485585398728,1440.9550295067472,1462.9788244219242
SET50,2024-04-25,1394.787365685982,1329.5848204196252,1353.8735623012901,1369.7546602096254,1382.7039255503719,1394.787365685982,1407.4422779895606,1420.7646207228852,1437.6078157991892,1460.2553833644479
SET50,2024-04-26,1403.1837279906695,1337.3061733757174,1361.9480911514286,1377.9797533675728,1390.995129793043,1403.1837279906695,1415.932140641421,1429.3482128676721,1446.3794173201445,1469.3232149786681
SET50,2024-04-27,1392.3220031371538,1326.0600688263912,1350.8857033472705,1367.0009643900298,1380.0515030456165,1392.3220031371538,1405.1425215392378,1418.6214354389654,1435.7772848606307,1458.8487995084633
SET50,2024-04-28,1387.8955810180132,1318.5141029036909,1344.3745355503365,1361.25817102639,1374.9613008774413,1387.8955810180132,1401.3736538831943,1415.5310989197924,1433.5006108606897,1457.5519919936635
SET50,2024-04-29,1382.1918151488726,1312.6886248334172,1338.5099817703044,1355.363522921599,1369.2660870440325,1382.1918151488726,1395.7304277751969,1409.9638329620834,1428.010886076269,1452.1227093217499
SET50,2024-04-30,1390.7540404906695,1322.5140183937558,1347.8321384100475,1364.3803417481074,1378.0214024253637,1390.7540404906695,1404.0907740149596,1418.0825427000282,1435.8495875908225,1459.4081861227392
SET50,2024-05-01,1375.453137170357,1303.3741589148963,1330.1839585417372,1347.5547496108957,1362.1878172657084,1375.453137170357,1389.884411664849,1404.4242481184901,1423.3652601349143,1447.8951830527706
SET50,2024-05-02,1393.3660705199663,1324.5750106628766,1350.0745636558584,1366.66363046169,1380.640208511803,1393.3660705199663,1407.199171297661,1421.1625352364458,1439.283065665324,1462.4869643614309
SET50,2024-05-03,1393.9672668090288,1324.3230814041065,1350.3391862715348,1367.1223571393832,1381.159489544167,1393.9672668090288,1407.8340955875624,1421.9262511857055,1440.2112531082414,1463.9161397139512
SET50,2024-05-04,1399.8394591918413,1330.2848401072306,1356.192880859091,1372.9668775423675,1386.9872061198748,1399.8394591918413,1413.7101143634172,1427.8430528042059,1446.1007225831852,1469.6818285205925
S&P500,2024-03-20,5216.479886512234,5076.641739817224,5130.665503326567,5163.900155477367,5190.821412089379,5216.479886512234,5240.619195896026,5259.5582747736635,5295.408649580713,5352.5485019572425
S&P500,2024-03-21,5189.096967365365,5057.564003713895,5109.726388243383,5139.9241585863965,5164.788391516373,5189.096967365365,5212.856104737795,5231.05371169121,5264.117448831099,5318.6200433215245
S&P500,2024-03-22,5163.03008825756,5031.425438593424,5083.591664464368,5113.40095496968,5138.698666776891,5163.03008825756,5188.04803317573,5207.094890490753,5240.061895839815,5294.69638342951
S&P500,2024-03-23,5146.48298454038,5017.696760484819,5068.9600544239465,5097.860282401498,5122.798127994811,5146.48298454038,5172.007562765636,5191.171604648012,5223.300104109938,5277.264203713129
S&P500,2024-03-24,5017.009977502887,4850.655734086879,4915.6308521303545,4953.839127330075,4986.169671592902,5017.009977502887,5050.30035665506,5078.352702675699,5118.615543305107,5186.838708223582
S&P500,2024-03-25,5192.9867995669565,5054.648444689853,5106.643387433225,5137.902437147637,5166.361189120768,5192.9867995669565,5221.68247837252,5247.427729369089,5278.51636892725,5336.4910479987475
S&P500,2024-03-26,5229.860228076339,5093.20747822747,5144.57613792892,5175.9545499991245,5203.185284221076,5229.860228076339,5258.110611384726,5284.997595606677,5313.924957872196,5371.978676167394
S&P500,2024-03-27,5199.970717132595,5056.382886700332,5110.250985064984,5143.714832873338,5171.63532169426,5199.970717132595,5229.527548117807,5258.745766430915,5288.767963848644,5349.4274440492345
S&P500,2024-03-28,5165.323027477915,5006.464857106667,5066.235709420733,5103.604694022322,5133.910968243743,5165.323027477915,5197.701273235525,5230.421854097571,5264.42365119916,5330.496017185101
S&P500,2024-03-29,5132.359419854485,4967.942698367269,5030.445394549673,5069.183763401283,5099.836113466399,5132.359419854485,5165.63321452382,5199.551677870186,5235.590095549921,5303.525042708888
S&P500,2024-03-30,5119.999938207617,4939.946845413798,5008.908207736342,5051.454769238711,5084.541216293903,5119.999938207617,5156.0626640275805,5193.126772215584,5233.819329811704,5307.235159907686
S&P500,2024-03-31,5135.909499529499,4964.240722183453,5030.517056203523,5071.036844995548,5101.906770550921,5135.909499529499,5170.483639640889,5205.95109937595,5245.416811019537,5315.230498555232
S&P500,2024-04-01,5137.080901671693,4961.149279817693,5023.721082157543,5064.2387508195525,5102.107972672945,5137.080901671693,5173.959836529817,5210.4301326019595,5250.517137201469,5316.170848721006
S&P500,2024-04-02,5142.5434415092,4960.564578521997,5025.765386964218,5067.839621607439,5106.072600850731,5142.5434415092,5179.9067382223575,5217.671821957837,5259.575646444808,5327.274379691717
S&P500,2024-04-03,5135.612182518582,4950.669031377135,5017.27573297889,5060.235319983956,5098.267997829622,5135.612182518582,5173.070502949731,5211.472809701647,5254.588768777025,5323.020787761592
S&P500,2024-04-04,5207.335220402964,5014.965295525397,5084.81102324677,5129.800246144561,5168.4558284807545,5207.335220402964,5245.760510762675,5285.51582454418,5331.161297441972,5402.045843522719
S&P500,2024-04-05,5168.342804185784,4970.218277188261,5042.671277294002,5089.337284287266,5128.288268917319,5168.342804185784,5207.560669532374,5248.2245447874275,5296.301318382254,5368.882492316119
S&P500,2024-04-06,5137.239426054541,4932.777266667862,5007.9082456277765,5056.443155558034,5095.884176678692,5137.239426054541,5177.532541641328,5219.189871355736,5270.133594762556,5344.402391105283
S&P500,2024-04-07,5194.521912181111,4983.102787377056,5061.093349843851,5111.652458384878,5151.78306894977,5194.521912181111,5236.1027964280765,5278.864022227344,5332.971592682433,5409.120236203915
S&P500,2024-04-08,5167.2726600264305,4952.947987393827,5029.872733099871,5080.9249711480525,5123.56194287544,5167.2726600264305,5209.222757060234,5253.944445584495,5309.420267617052,5385.935467424658
S&P500,2024-04-09,5222.424286777999,4998.128655160499,5079.2708464659845,5133.035176979208,5177.016427146784,5222.424286777999,5265.971062424841,5312.3264581002295,5371.228728066578,5451.257760192376
S&P500,2024-04-10,5258.298935990507,5032.758079746062,5114.599992840691,5168.940304518254,5212.661513826148,5258.298935990507,5302.031328857991,5348.417943439322,5408.473709218448,5488.576974852139
S&P500,2024-04-11,5260.380250242077,5028.50803476709,5113.508299002786,5169.569633568977,5213.8449611915785,5260.380250242077,5305.0077023785125,5352.2497048058,5414.488529606368,5497.189721576438
S&P500,2024-04-12,5278.732316446771,5045.080944415989,5130.515725079185,5187.263703289377,5231.6197298766465,5278.732316446771,5323.975029970021,5371.604371986977,5434.924859962794,5517.546164063491
S&P500,2024-04-13,5206.013581870216,4969.8337832483785,5057.014673858997,5114.475117209287,5158.6827032612655,5206.013581870216,5251.551613799478,5299.338789695206,5363.735756482995,5447.629415648302
S&P500,2024-04-14,5239.967332645223,5007.666380549334,5093.629487011528,5150.258532933689,5193.310600301065,5239.967332645223,5284.94779545813,5331.873886263006,5395.801516169542,5478.039524975486
S&P500,2024-04-15,5200.352846115542,4966.333308906804,5051.307997114666,5107.732697835638,5153.321523166434,5200.352846115542,5245.5995010958995,5294.215548106384,5358.46031718673,5441.271553246155
S&P500,2024-04-16,5171.174028531174,4930.062413587817,5017.456414760973,5075.769169392249,5122.628545932339,5171.174028531174,5217.938871481572,5268.0531308341615,5334.289591520126,5419.160155193281
S&P500,2024-04-17,5179.193941415556,4939.3674338546725,5027.1932343124245,5085.218999446425,5131.201140210488,5179.193941415556,5225.4340570737495,5274.919005455,5340.97650887025,5425.891176515503
S&P500,2024-04-18,5118.809313284313,4870.9479046707365,4961.965810629905,5022.063734922378,5069.293690648224,5118.809313284313,5166.624740607902,5217.6298428181235,5285.884139180909,5373.579169163515
S&P500,2024-04-19,5112.446901949945,4861.907784087203,4954.593083326018,5015.39210217378,5062.606383493061,5112.446901949945,5160.673650875579,5211.950676335486,5281.064880730122,5369.998470984563
S&P500,2024-04-20,5131.306658584327,4882.236165669068,4974.798535444324,5035.296491168626,5081.775685016458,5131.306658584327,5179.349228831884,5230.184501781279,5299.199669419643,5387.577713023024
S&P500,2024-04-21,5110.8295011562095,4852.349514423514,4948.733630696818,5011.576690677234,5059.567090458231,5110.8295011562095,5160.773308338562,5213.40237999456,5285.0210747406,5376.790078709218
S&P500,2024-04-22,5131.397509743716,4872.187857860585,4967.345733158862,5029.578022896459,5080.046266536365,5131.397509743716,5181.602146505755,5235.680009286287,5307.446966992633,5399.328230962787
S&P500,2024-04-23,5142.565249776536,4888.6382476071285,4982.1599674236495,5043.1508159831355,5092.228221309554,5142.565249776536,5191.813166915393,5244.714424780874,5315.324536035672,5405.175601555318
S&P500,2024-04-24,5132.495807192168,4874.868743520039,4970.61491178968,5032.510267228223,5081.758456469208,5132.495807192168,5182.226199907316,5235.535790515488,5307.159051227469,5398.801948012735
S&P500,2024-04-25,5157.672336287487,4898.008345097641,4995.22116744615,5057.634270111434,5106.752933114445,5157.672336287487,5207.693301960529,5261.1353292213535,5333.418671144451,5426.063012047646
S&P500,2024-04-26,5124.020984523432,4864.040301825064,4961.929156192184,5024.451036289099,5073.148779720076,5124.020984523432,5174.139283076788,5227.438100726516,5300.020405628118,5392.849445542113
S&P500,2024-04-27,5105.634037056252,4837.073231160523,4938.140961140397,5002.841414857353,5053.011176867074,5105.634037056252,5157.689270292303,5212.740990309838,5287.750159847106,5383.254291194167
S&P500,2024-04-28,5080.0746042375085,4808.968315643577,4911.7208246604205,4977.013159865872,5027.180085727099,5080.0746042375085,5132.63379559948,5187.95172243727,5263.86698244741,5360.54905689394
S&P500,2024-04-29,5108.576206575016,4840.2344443569245,4940.170685396492,5003.925612877866,5056.145858386424,5108.576206575016,5161.08040730267,5217.247918436228,5292.676551972289,5387.680786175919
S&P500,2024-04-30,5054.945972975023,4774.694228426917,4879.907521935702,4946.5449519425765,5000.629682157267,5054.945972975023,5109.4491534412155,5167.678536976218,5246.147509951843,5345.957849359065
S&P500,2024-05-01,5117.079289179717,4851.993644467019,4949.099290234945,5010.96589565133,5065.679770962051,5117.079289179717,5171.600633569258,5225.508356536229,5299.588218788552,5387.966813775228
S&P500,2024-05-02,5128.866536048474,4858.4510335016075,4958.307989961742,5021.566610323325,5076.424539141832,5128.866536048474,5183.530334712929,5238.203204937687,5313.588046002394,5404.6090649625285
S&P500,2024-05-03,5153.836155964106,4885.187716110856,4984.282877326089,5047.2631045002645,5101.32370007142,5153.836155964106,5207.979227091168,5262.355496490449,5337.532256867749,5427.591041129856
CSI300,2024-03-21,3620.7867190523143,3524.0277659957364,3558.5738975545637,3582.189541571615,3601.273128388454,3620.7867190523143,3638.4743819817995,3650.9424902830137,3674.2279341047524,3715.9813410542047
CSI300,2024-03-22,3606.940405575752,3515.055038683869,3548.326308094046,3570.228904389842,3587.930040887651,3606.940405575752,3624.345423584165,3636.7126977772873,3657.773130987145,3698.38607520201
CSI300,2024-03-23,3595.400122372627,3502.6015743073967,3536.026074180516,3558.394170352133,3575.961463570491,3595.400122372627,3613.143712815388,3627.2161329868704,3647.088501619425,3688.031678250357
CSI300,2024-03-24,3589.977270810127,3496.8357415901023,3530.424695528265,3553.233885952163,3570.5900662773392,3589.977270810127,3607.4634743663523,3623.0894300821537,3641.8528441388635,3682.6385754207768
CSI300,2024-03-25,3507.1885745210643,3388.482786133909,3429.7191049181047,3458.376695564658,3482.9675519595767,3507.1885745210643,3529.1964623169274,3551.8044085555957,3576.346276545899,3625.9143824394696
CSI300,2024-03-26,3622.4659182710643,3521.8520322899985,3556.238351689815,3580.1785274244203,3601.7704409854387,3622.4659182710643,3641.15700102544,3660.544202672396,3681.0703159070013,3723.2073677286926
CSI300,2024-03-27,3646.9939944429393,3547.960663099849,3582.15516458627,3605.2357884330363,3626.9418471153176,3646.9939944429393,3665.308715012749,3684.4611848278428,3705.259948323046,3746.371319926655
CSI300,2024-03-28,3623.560766903877,3519.9024168178116,3556.0236658736726,3579.8334967433952,3602.938191748194,3623.560766903877,3642.8413010439344,3663.069042923734,3685.512540785644,3727.88501054463
CSI300,2024-03-29,3597.808081357002,3485.041295057342,3524.80556674388,3550.524520426263,3575.847194202591,3597.808081357002,3618.944627691101,3641.149259475241,3666.1161379623113,3711.6870502738493
CSI300,2024-03-30,3577.7620608491893,3461.8745858442458,3503.26058084706,3529.4674123934446,3555.6570098450934,3577.7620608491893,3599.621140173598,3622.5513382111844,3648.4454256169442,3695.312865932258
CSI300,2024-03-31,3568.527807919502,3441.924143835664,3487.697960505029,3516.308825096052,3544.8275038907864,3568.527807919502,3592.5623404638427,3617.774134492952,3646.430775451162,3697.413088214277
CSI300,2024-04-01,3580.7930667085643,3463.4791414275633,3501.055689646277,3526.651264834706,3558.356404271892,3580.7930667085643,3604.2593922311744,3626.942803152735,3653.0714593958514,3697.2576267551904
CSI300,2024-04-02,3579.579809872627,3457.613617080304,3496.9566165798124,3523.7273959721033,3556.390868012413,3579.579809872627,3603.8495622797154,3627.727511859088,3654.8347170326288,3700.9615300087
CSI300,2024-04-03,3583.0791995210643,3457.6503226989043,3498.3732359092237,3526.1937339999295,3559.3502800468596,3583.0791995210643,3607.8773328624566,3632.6052900421996,3660.4874336407174,3708.193012866662
CSI300,2024-04-04,3581.7586428804393,3455.091862348395,3496.153924699815,3524.717554024727,3557.7809868542035,3581.7586428804393,3606.723725664488,3631.846972947089,3660.064899147001,3708.4378745843587
CSI300,2024-04-05,3632.320288388252,3501.9794472484673,3544.2593863340817,3574.354328223901,3607.6266802916325,3632.320288388252,3657.8580126958086,3683.8043149588525,3713.0360976689844,3763.081905895224
CSI300,2024-04-06,3605.6583010835643,3472.4072930600487,3515.5561029391497,3547.0838557896527,3580.340822966512,3605.6583010835643,3631.6603495131167,3658.285358682164,3688.416749227979,3739.8046948492674
CSI300,2024-04-07,3587.393042294502,3451.4721996451126,3495.3607655648384,3528.2124824804127,3561.4480485753725,3587.393042294502,3613.9027332792566,3641.2108091398413,3672.2396500788527,3724.7178156079535
CSI300,2024-04-08,3629.6155764741893,3489.5875119785815,3532.90621398435,3567.3707796760227,3602.347017571942,3629.6155764741893,3656.8455611576865,3685.9597385067314,3717.652331542154,3771.7528938994847
CSI300,2024-04-09,3614.844458310127,3474.456872009338,3517.908085100412,3552.872796070925,3587.4962075854014,3614.844458310127,3642.1641445817277,3671.437458439954,3703.3490688245292,3757.6088756656036
CSI300,2024-04-10,3654.5335452241893,3507.6920141551154,3553.8715740929215,3590.6954268270215,3626.104708852934,3654.5335452241893,3683.0052282751326,3713.56660991042,3747.2205407695196,3804.0167999260757
CSI300,2024-04-11,3680.4405276460643,3532.6976511356334,3579.43774667257,3616.702045624183,3651.8617160390963,3680.4405276460643,3709.1755892530327,3739.9849178710706,3774.1077373304965,3831.0983211486828
CSI300,2024-04-12,3683.5398928804393,3531.897790843087,3580.739128923379,3619.0759757306996,3654.4371382930476,3683.5398928804393,3712.941475592831,3744.4507094442415,3779.8094068375,3838.398425581854
CSI300,2024-04-13,3696.188208310127,3543.402727326489,3592.639208465685,3631.4133850187673,3666.713776745073,3696.188208310127,3726.127361554868,3758.075214218674,3794.1544444826936,3852.536677575015
CSI300,2024-04-14,3649.3609378023143,3494.719000747432,3545.3151974832886,3584.5920599768356,3619.7131055625077,3649.3609378023143,3679.6592827374334,3711.922540237168,3748.897034566653,3807.9677186071967
CSI300,2024-04-15,3672.3467776460643,3518.8338692281845,3567.3963378567823,3606.493573347664,3642.517024719661,3672.3467776460643,3702.6905686584055,3735.6219790147775,3772.433569974409,3830.6419126264445
CSI300,2024-04-16,3646.927954403877,3492.374243727879,3541.838412441851,3581.2524293616952,3617.0611948261676,3646.927954403877,3677.5316524581485,3710.614343703871,3748.0853674596533,3806.5317139080003
CSI300,2024-04-17,3627.357397763252,3466.7696513489445,3518.4912495838207,3559.495199249791,3596.2795682661354,3627.357397763252,3659.4252174947433,3693.869010339213,3733.3447617629954,3793.3102564822466
CSI300,2024-04-18,3631.444555966377,3470.8070444353502,3523.3172286670206,3564.351873589118,3600.60792914388,3631.444555966377,3663.546197437311,3697.8625557264486,3737.8544760391705,3797.806310661466
CSI300,2024-04-19,3589.4385745210643,3422.2905902117045,3477.5281206724276,3520.211477373872,3557.416266251739,3589.4385745210643,3623.0145937278894,3658.6947244026314,3700.8933398931385,3762.7191271897996
CSI300,2024-04-20,3586.0230471773143,3416.2623735673933,3473.0682422506934,3516.3966304226687,3553.6608726120576,3586.0230471773143,3620.2354414691335,3656.397632877273,3699.8656694867477,3762.377592857548
CSI300,2024-04-21,3598.480688778877,3428.702225866041,3485.931472131875,3529.2706029230803,3566.1601022553828,3598.480688778877,3632.951177646121,3669.160134986236,3713.321043121191,3775.364376301088
CSI300,2024-04-22,3586.8885256929393,3410.0743555532745,3468.406124007076,3513.394419820871,3553.0149023972863,3586.8885256929393,3623.0697661760923,3661.5460837134456,3707.8262496444277,3771.861021027917
CSI300,2024-04-23,3598.469702450752,3419.403275673333,3479.08861826043,3524.624394910569,3564.345996012502,3598.469702450752,3635.204004592127,3674.059028545622,3721.409502461386,3786.025631181296
CSI300,2024-04-24,3606.2166506929393,3430.501831023487,3489.3031595791417,3534.0305877892524,3572.777646445933,3606.2166506929393,3642.572769197758,3680.7565954325637,3727.835708212987,3790.7709479014547
CSI300,2024-04-25,3597.717993466377,3418.2099675199825,3479.1376255168025,3524.7565449998374,3563.8030138252893,3597.717993466377,3634.8524555293397,3673.6622300188537,3722.1888643456386,3786.4308533971466
CSI300,2024-04-26,3617.9930178804393,3437.193071896891,3499.218590812292,3545.115735518666,3583.9898435090017,3617.9930178804393,3655.507911001877,3694.493469187525,3743.8804820579617,3808.3848828093005
CSI300,2024-04-27,3593.5669924898143,3411.4251258754875,3474.4442374623004,3520.6311014845833,3559.3858615688314,3593.5669924898143,3631.5364534889222,3670.767898143483,3721.0531508376407,3785.7145964088286
CSI300,2024-04-28,3579.717993466377,3390.168442379797,3456.051859530206,3504.037499559122,3544.044287462927,3579.717993466377,3619.441992438577,3660.2949717486317,3713.015475058798,3779.716397092019
CSI300,2024-04-29,3562.872534482002,3371.287386139977,3436.6881755805744,3484.933068073189,3526.7375791332925,3562.872534482002,3603.3254829947737,3645.3126112423774,3698.8625574459293,3765.979655480277
CSI300,2024-04-30,3581.576636044502,3391.7920747755447,3456.795314949065,3504.5739047251645,3545.783116582016,3581.576636044502,3621.9328996476124,3663.548605645089,3717.072190538376,3783.105704149397
CSI300,2024-05-01,3547.485083310127,3351.795532036662,3417.1628196436586,3464.9783145954434,3511.1015514650194,3547.485083310127,3590.9298944521097,3631.1805727279357,3687.0248762734705,3751.992505677342
CSI300,2024-05-02,3587.6595217866893,3399.614395741295,3462.122346446694,3508.1902378518935,3552.512705515591,3587.6595217866893,3629.6248195031003,3668.5161348230477,3722.6854666579347,3784.407162480521
CSI300,2024-05-03,3595.869848935127,3404.095211657189,3468.792295779524,3515.742628630195,3560.227758031865,3595.869848935127,3638.2084730415136,3677.7275379900584,3733.00013646573,3796.3435828927527
CSI300,2024-05-04,3614.103003232002,3423.124076999627,3487.71257729013,3534.486678643356,3578.4676540686946,3614.103003232002,3656.3538309109344,3695.847013367523,3751.222066869186,3813.8476765346895
NI225,2024-03-20,39829.97638561237,38601.495755302356,39103.69882947521,39389.99933976009,39619.26407186898,39829.97638561237,40036.19065248076,40154.86944708965,40480.53519174953,41003.51853935988
NI225,2024-03-21,39438.83283092487,38315.58188809529,38799.44467928752,39044.97556900539,39250.35852782518,39438.83283092487,39639.514165274566,39752.17544440685,40040.06668568723,40525.66385187945
NI225,2024-03-22,39210.43048717487,38009.95412843005,38527.389907975376,38785.730640980764,39012.136726046934,39210.43048717487,39437.98401392781,39578.46334118147,39884.20739449936,40396.823838107186
NI225,2024-03-23,39205.36896373737,38067.82875360779,38567.32274038184,38806.61317643914,39024.3369444346,39205.36896373737,39433.082623665134,39567.940180723104,39862.555812092905,40352.74608792945
NI225,2024-03-24,37983.83283092487,36516.11956786894,37139.44792435841,37457.94985474272,37745.317915356485,37983.83283092487,38285.74813711825,38494.08885398202,38874.25094061634,39487.805859605796
NI225,2024-03-25,39364.16583873737,38118.188664259564,38631.39399378383,38887.94508611429,39163.2275456307,39364.16583873737,39639.76233496904,39828.60338823545,40153.486511815914,40684.22211477768
NI225,2024-03-26,39558.58869029987,38344.551010764975,38847.95405427932,39098.2653694848,39363.89681651129,39558.58869029987,39834.636032838454,40024.036034552446,40339.048521632925,40862.47890889727
NI225,2024-03-27,39368.89142467487,38080.84261601806,38609.20624542548,38881.978239406715,39155.94749874495,39368.89142467487,39663.561913104786,39880.77628963053,40203.832463299266,40758.11503801918
NI225,2024-03-28,39177.25372936237,37742.53650870813,38321.39213930453,38637.33002962418,38929.40859930456,39177.25372936237,39501.126203170184,39765.044616600564,40107.568444420205,40721.480715641614
NI225,2024-03-29,38917.41583873737,37391.896888687486,38001.88912319219,38348.7900160181,38644.32047726189,38917.41583873737,39258.457489275344,39555.56802864414,39909.612476157556,40561.18674191226
NI225,2024-03-30,38817.11896373737,37136.63333989882,37803.25364841129,38196.138849841496,38507.513931012756,38817.11896373737,39187.42028552448,39523.51899950825,39920.89931812595,40626.73056413842
NI225,2024-03-31,38892.78986217487,37200.69804862292,37871.82042379607,38273.98880638473,38573.94698714087,38892.78986217487,39266.72746377137,39606.471777340004,40027.58937867868,40726.23812103932
NI225,2024-04-01,38962.42169811237,37233.398685406544,37839.89355969902,38241.27190282616,38632.67552460176,38962.42169811237,39370.87685599798,39718.13594652358,40154.90198496322,40779.4613123807
NI225,2024-04-02,38962.04376842487,37143.46259514055,37783.583309305206,38209.84037653293,38606.9821289716,38962.04376842487,39379.320251628145,39742.222746254316,40220.05207910704,40865.7587307717
NI225,2024-04-03,38916.14630748737,37032.951656484525,37699.18388034782,38143.681455304664,38542.31648662249,38916.14630748737,39338.67339397725,39712.12287842008,40222.89682056442,40881.79603661521
NI225,2024-04-04,39409.96857311237,37449.86860073693,38149.68995363339,38614.84601657176,39017.35297691388,39409.96857311237,39840.19354431087,40226.17706715298,40769.765747278856,41450.24237361281
NI225,2024-04-05,39094.21759654987,37089.19402989028,37811.39818557021,38288.97784690306,38689.6478807022,39094.21759654987,39527.425007710044,39919.91535400919,40485.976460654536,41177.90620227196
NI225,2024-04-06,38817.42853404987,36753.634396073416,37503.38860919638,37996.42005972541,38398.943077947784,38817.42853404987,39257.44621671445,39659.778805249334,40249.86884952836,40959.55763296383
NI225,2024-04-07,39298.80451061237,37194.62195078588,37964.91815552846,38468.535387050804,38870.283225179104,39298.80451061237,39743.43907729564,40152.51113417394,40760.877389133784,41482.40699231387
NI225,2024-04-08,39018.51056529987,36904.439706024954,37650.86203428279,38149.54210106988,38581.17590405805,39018.51056529987,39460.06495310419,39892.89699827986,40500.54581506695,41222.08435426229
NI225,2024-04-09,39432.35724498737,37250.004607192786,38029.21957340583,38545.417322099485,38982.31720134374,39432.35724498737,39881.391429256,40325.62822256275,40953.28202594391,41701.24210934446
NI225,2024-04-10,39746.74689342487,37571.4163374137,38353.229437814116,38868.92142290329,39296.84658699853,39746.74689342487,40191.49583266371,40632.891699883956,41262.15009122313,42006.35186349854
NI225,2024-04-11,39755.35626842487,37529.18190792414,38339.79051536392,38868.71032561074,39297.32054324739,39755.35626842487,40205.062892039845,40653.31568780151,41297.78139648582,42064.4993789256
NI225,2024-04-12,39885.64142467487,37658.37775214251,38471.37792242502,39002.2388157668,39424.85123342728,39885.64142467487,40335.91696748496,40784.31454139543,41432.911762862226,42195.82306595724
NI225,2024-04-13,39310.55451061237,37049.52373664532,37884.648464447055,38424.449013795434,38844.87310108617,39310.55451061237,39764.51131076357,40216.72348399181,40876.86290052769,41655.93001114192
NI225,2024-04-14,39549.84064342487,37307.00600249198,38140.71894954877,38676.954941122814,39087.00907889668,39549.84064342487,40000.71810639057,40448.24197072693,41108.011165425974,41879.98290154526
NI225,2024-04-15,39198.64826061237,36925.91973018153,37746.85075326095,38281.19095420714,38728.10476666702,39198.64826061237,39654.074567057716,40127.99716858011,40792.052213276285,41573.57112698071
NI225,2024-04-16,38956.06915904987,36628.92655444888,37471.28575137771,38020.55724945452,38473.942297129164,38956.06915904987,39421.79465378308,39906.714857707724,40586.01662922203,41384.12484958836
NI225,2024-04-17,39052.79279186237,36745.21354268972,37590.49924573641,38135.7245482843,38576.87217070001,39052.79279186237,39511.608920837236,39988.988965127945,40664.85489267583,41460.59469728502
NI225,2024-04-18,38516.64044811237,36123.31154930168,37004.96851559934,37572.613587256674,38024.62477792378,38516.64044811237,38991.42467298846,39484.55207459307,40183.8992946879,41010.331651610555
NI225,2024-04-19,38445.60236217487,36027.17138327495,36926.93551015261,37501.61581944463,37950.59262518761,38445.60236217487,38923.928505412136,39419.003943967604,40127.098315759635,40965.655411387284
NI225,2024-04-20,38642.53986217487,36243.059312337864,37142.30918984795,37713.28579574594,38151.51197462153,38642.53986217487,39118.145874728216,39607.4101395413,40314.30666731429,41146.24892763688
NI225,2024-04-21,38429.22833873737,35951.80120042701,36885.92919620589,37476.6243667172,37924.19331222489,38429.22833873737,38920.871763687355,39424.18192013254,40154.192520331344,41014.89864111022
NI225,2024-04-22,38589.53595592487,36117.97488777219,37027.73967814949,37605.906806457744,38085.425644202085,38589.53595592487,39082.35134577266,39603.7735038295,40332.273639950254,41187.41831314005
NI225,2024-04-23,38671.79474498737,36221.330110402356,37128.71018888604,37702.58515539026,38172.32317618177,38671.79474498737,39160.44111848047,39675.78949083448,40401.0140667137,41248.09824675989
NI225,2024-04-24,38647.84845592487,36182.48966995432,37105.4069736126,37683.39466472778,38148.34484405835,38647.84845592487,39137.39210685389,39651.95459087196,40382.68739917465,41239.08321845792
NI225,2024-04-25,38772.98517467487,36290.759002175546,37228.64042926497,37811.41922542063,38272.20544644673,38772.98517467487,39265.125254465514,39779.81479580411,40517.247888834776,41381.91642529919
NI225,2024-04-26,38590.31622936237,36115.6564487707,37058.91529878546,37640.47418000547,38092.3258396803,38590.31622936237,39081.552712794444,39591.766677156775,40330.61559743928,41193.57854901654
NI225,2024-04-27,38458.06915904987,35939.21599037298,36902.45801395102,37495.75573609338,37951.06047659594,38458.06915904987,38960.8434665038,39478.993910131365,40233.057257273715,41108.74166366427
NI225,2024-04-28,38235.77423717487,35681.95013592645,36667.57411643219,37269.306786173926,37724.37123441341,38235.77423717487,38746.16454462383,39268.34227411332,40035.293693855056,40926.0241196733
NI225,2024-04-29,38385.62286998737,35831.940741894934,36793.41778831828,37382.6360477885,37874.0158910796,38385.62286998737,38901.948598895135,39443.82453593624,40213.802561031465,41096.20538870481
NI225,2024-04-30,38090.77228404987,35479.38881596629,36472.443999909214,37075.75907875307,37571.64773444922,38090.77228404987,38616.07554458802,39165.77377059667,39952.03318537802,40859.159658383454
NI225,2024-05-01,38493.93927623737,36014.005141173984,36924.198548201166,37481.799839298685,38003.24134336113,38493.93927623737,39032.656740363615,39536.34922098856,40277.02766052357,41057.79821598826
NI225,2024-05-02,38647.03693248737,36118.64601729761,37054.59051730718,37625.644012061945,38144.93438435773,38647.03693248737,39184.383621242014,39694.6349310378,40447.63764454256,41252.91319923963
NI225,2024-05-03,38836.08673717487,36327.24490078097,37257.036809242956,37825.09818148327,38333.20729904528,38836.08673717487,39366.018909679464,39871.985449116466,40623.26557135679,41419.690292318766
HSI,2024-03-21,16654.845046161878,16069.760791469165,16312.841166239723,16456.722502913788,16563.817351162106,16654.845046161878,16769.5411981929,16871.40215972247,17044.576953427786,17229.570902417094
HSI,2024-03-22,16541.855300068128,15993.682495101415,16220.055701844964,16355.446470421251,16457.0948739449,16541.855300068128,16653.482425410104,16750.352020340008,16899.082144385044,17083.814726128592
HSI,2024-03-23,16487.329909443128,15913.303923265345,16145.712123035326,16288.642470412571,16396.367987569567,16487.329909443128,16604.764975847942,16710.409438317438,16854.484805225933,17057.288024527163
HSI,2024-03-24,16459.760573505628,15907.561840618862,16130.772210088497,16269.024008024902,16372.284879748851,16459.760573505628,16572.795349293658,16676.869209298857,16808.794347079012,17009.324052486147
HSI,2024-03-25,15978.97444069313,15268.450245930584,15544.126159341044,15719.838577296701,15861.033952718324,15978.97444069313,16121.381237261685,16263.223585339556,16429.388151732714,16690.684182330675
HSI,2024-03-26,16576.939772724378,15979.445775317676,16211.539811621016,16360.357778151905,16478.940688428633,16576.939772724378,16698.433974207626,16820.328407921854,16955.742077577743,17176.16619200608
HSI,2024-03-27,16682.614089130628,16106.436462730984,16331.614499894335,16475.558908891162,16588.866918863707,16682.614089130628,16799.162040647552,16917.957355307597,17046.05361977317,17260.90939131152
HSI,2024-03-28,16563.168776630628,15961.694152755028,16196.252447312461,16346.720413695839,16464.536671496993,16563.168776630628,16684.159768483016,16809.23237394042,16942.396629386298,17167.077970818733
HSI,2024-03-29,16457.116530536878,15801.387184233838,16056.520558207814,16220.433374354052,16348.433048755182,16457.116530536878,16587.907434193578,16724.680546094707,16870.477151303443,17115.64958777742
HSI,2024-03-30,16326.28547584938,15659.913368675047,15920.5117414752,16086.964668356039,16216.054768560303,16326.28547584938,16458.537667513454,16597.73958412397,16745.712530536057,16995.981313492463
HSI,2024-03-31,16285.79377663063,15579.8205444938,15856.40442246223,16032.387487627217,16168.564925540846,16285.79377663063,16425.126631626663,16572.585319540292,16730.08938079903,16995.809000954956
HSI,2024-04-01,16376.28889381813,15705.265552527977,15959.569638361596,16126.147541352088,16266.880248221809,16376.28889381813,16520.282988633197,16660.48542206542,16811.51840318091,17048.76682495203
HSI,2024-04-02,16374.75520241188,15690.85278976211,15949.95706282185,16119.968689426241,16262.158341744263,16374.75520241188,16520.000988860746,16663.487027897518,16816.753049033156,17059.06581818665
HSI,2024-04-03,16379.38850319313,15676.35177627419,15943.282858621984,16118.137525930786,16262.85721735717,16379.38850319313,16527.03941793534,16674.700027330473,16831.93408917052,17082.02288636207
HSI,2024-04-04,16363.54133522438,15651.620842344502,15922.14042490695,16099.35830189842,16244.722569227704,16363.54133522438,16512.151605127303,16661.985110737838,16820.98033147931,17074.381261698007
HSI,2024-04-05,16596.555007099378,15867.23740029092,16145.197597627612,16326.72847063519,16474.134922787824,16596.555007099378,16747.502923442185,16900.84492246982,17063.868471258647,17324.21441078284
HSI,2024-04-06,16488.056960224378,15752.358712625228,16033.514473555872,16216.568248230307,16363.816163531279,16488.056960224378,16639.428128011226,16794.07496909345,16958.773275017884,17221.52571563603
HSI,2024-04-07,16378.57307350563,15621.30777661689,15911.165445832881,16099.27850205134,16249.36761248628,16378.57307350563,16533.08517514998,16692.10787933492,16862.663318365878,17132.85106570687
HSI,2024-04-08,16551.526198505628,15761.691936784315,16058.577068422073,16253.10733599939,16413.946776149634,16551.526198505628,16710.753081799125,16879.09935788687,17058.262437964186,17338.817979758194
HSI,2024-04-09,16498.879225849378,15711.760764534469,16008.658895443277,16202.180839740678,16360.359625610234,16498.879225849378,16655.443259682273,16822.896459614327,17002.80268125548,17280.75354653929
HSI,2024-04-10,16658.422194599378,15828.687772721798,16143.54077028127,16347.038723530826,16511.07621685945,16658.422194599378,16819.89414890181,16995.008302386683,17186.85928297999,17479.93298366446
HSI,2024-04-11,16777.991530536878,15941.838951645554,16259.906309405305,16464.809115254466,16628.12424178379,16777.991530536878,16938.50628022747,17114.504023944293,17309.456634480954,17603.246648490705
HSI,2024-04-12,16813.795241474378,15960.91240258297,16287.778048831144,16496.54888635778,16660.79312678103,16813.795241474378,16974.796379605228,17153.072358309728,17353.135676305115,17653.79136161579
HSI,2024-04-13,16853.768386005628,15988.349946867507,16318.337748730219,16530.484857869353,16696.773678822366,16853.768386005628,17016.912995532643,17198.374668048156,17402.67460921854,17705.0769618625
HSI,2024-04-14,16636.503249286878,15756.592975480864,16094.120234661197,16309.69787842828,16477.216188987193,16636.503249286878,16800.700954117816,16984.38918655173,17192.752963131312,17501.757273092895
HSI,2024-04-15,16746.820632099378,15868.495526953075,16199.736048541654,16413.71461787036,16586.91939571797,16746.820632099378,16911.22333332454,17097.71424398465,17306.452090657105,17613.338608339433
HSI,2024-04-16,16619.221999286878,15739.286683048185,16072.442245056827,16287.046627003638,16459.34562022274,16619.221999286878,16782.80736272602,16969.14590672637,17178.45097226693,17486.665616306822
HSI,2024-04-17,16487.949050068128,15567.804449925552,15914.124809884928,16139.15224939686,16319.452308345237,16487.949050068128,16659.469717572272,16854.611573395647,17074.22299728258,17395.088279116957
HSI,2024-04-18,16537.613112568128,15626.4718276872,15972.069652723088,16194.965916342966,16371.636853860173,16537.613112568128,16706.030777526084,16898.38677363704,17115.74641616317,17435.426760730308
HSI,2024-04-19,16334.91633522438,15387.529228300758,15746.131550004458,15978.25849680444,16161.598414098198,16334.91633522438,16510.18249853806,16710.06929083182,16936.6132298193,17268.8551999605
HSI,2024-04-20,16320.32014381813,15353.996874579507,15721.059826282944,15957.882413224408,16143.729510843445,16320.32014381813,16498.459604917814,16701.70318691185,16933.01893791581,17273.3050341505
HSI,2024-04-21,16369.50666725563,15406.429680115925,15772.56964140505,16008.684238004857,16193.154115701895,16369.50666725563,16547.114101621864,16749.7792918189,16980.62826341871,17319.590490332834
HSI,2024-04-22,16298.21516334938,15302.069590554735,15675.1154263832,15917.869926868061,16115.300891799208,16298.21516334938,16483.4707434933,16695.727880299448,16935.73872844056,17285.385150206523
HSI,2024-04-23,16383.59797584938,15385.792358795145,15760.626721833109,16003.93597032407,16200.569208982384,16383.59797584938,16568.579867716373,16780.65695403094,17021.1634681469,17372.053006966114
HSI,2024-04-24,16419.451979755628,15434.299925943385,15804.725950189828,16045.178181972104,16238.418987202062,16419.451979755628,16602.026964496697,16811.382515820405,17049.01687650893,17394.891142942874
HSI,2024-04-25,16391.959792255628,15392.07696265907,15770.143453704772,16014.19609236795,16208.733000879292,16391.959792255628,16576.324767225713,16787.695171830805,17028.975349556487,17381.83334450844
HSI,2024-04-26,16458.993483661878,15451.624266171828,15833.973352887613,16079.869022661309,16274.52049190591,16458.993483661878,16644.2394246366,16856.4660891937,17099.748477717396,17456.18936130818
HSI,2024-04-27,16373.01008522438,15361.44215746967,15746.349326935946,15993.258427834637,16187.620294397579,16373.01008522438,16558.86911433243,16771.545434020372,17016.147894294063,17374.418345010337
HSI,2024-04-28,16319.74006569313,15278.75899582188,15673.188265355257,15927.45164625219,16127.628080569684,16319.74006569313,16512.107910191575,16731.29215700907,16983.736690249752,17350.789494939378
HSI,2024-04-29,16234.05305397438,15183.653248115826,15578.07307981818,15832.727426604535,16040.656614450692,16234.05305397438,16429.449005216815,16652.726337594224,16908.83722734933,17278.76975436418
HSI,2024-04-30,16300.91780006813,15251.170187209162,15645.141375470404,15899.834247866445,16107.048154054595,16300.91780006813,16496.450532019164,16719.550180394814,16975.858775447105,17344.465705895847
HSI,2024-05-01,16171.21369850563,15091.68419584533,15496.588868392448,15756.786705699771,15976.138123103301,16171.21369850563,16382.688199689208,16606.958562405238,16874.46108721256,17239.969763665926
HSI,2024-05-02,16343.78156959938,15304.429039401344,15693.514599990453,15944.322543421205,16155.204817921527,16343.78156959938,16546.641036120982,16764.60583015255,17021.061722802056,17371.169256047415
HSI,2024-05-03,16390.767409443128,15335.218568394848,15733.533729559113,15988.177065811937,16200.2950909084,16390.767409443128,16593.87644672786,16814.93734291807,17073.952749483396,17433.53695361641
HSI,2024-05-04,16472.988112568128,15429.283143710298,15822.557319073414,16074.535287328006,16283.823959802714,16472.988112568128,16673.420331739795,16893.268086245753,17148.742148250345,17503.37521033221
