"Date","Price","Open","High","Low","Vol.","Change %"
"03/20/2024","841.04","847.51","849.01","840.11","885.42M","-0.58%"
"03/19/2024","845.98","847.83","852.28","845.67","834.04M","-0.32%"
"03/18/2024","848.72","848.91","853.47","847.53","981.08M","0.19%"
"03/15/2024","847.13","850.59","852.21","847.03","1.54B","-0.85%"
"03/14/2024","854.36","846.82","854.80","845.14","1.06B","0.90%"
"03/13/2024","846.75","843.14","849.14","842.03","1.11B","0.40%"
"03/12/2024","843.40","845.52","847.20","839.44","988.60M","0.08%"
"03/11/2024","842.76","845.37","848.59","841.96","923.63M","-0.62%"
"03/08/2024","848.02","839.01","848.12","838.48","903.88M","1.15%"
"03/07/2024","838.39","838.82","840.66","833.14","1.05M","0.13%"
"03/06/2024","837.26","827.70","841.06","827.43","1.11B","0.95%"
"03/05/2024","829.39","828.85","831.72","823.55","1.21B","-0.26%"
"03/04/2024","831.58","834.91","837.55","830.85","914.68M","-0.27%"
"03/01/2024","833.85","836.02","840.06","832.36","1.30B","-0.28%"
"02/29/2024","836.19","841.16","841.95","833.11","2.44M","-0.66%"
"02/28/2024","841.77","846.66","846.86","841.21","1.10M","-0.96%"
"02/27/2024","849.90","853.81","856.71","847.84","1.52M","-0.61%"
"02/23/2024","855.12","858.19","858.50","853.61","1.31M","-0.28%"
"02/22/2024","857.54","854.20","859.80","851.40","1.39B","0.65%"
"02/21/2024","852.03","844.02","852.93","840.61","1.59B","1.10%"
"02/20/2024","842.74","847.04","847.66","838.50","1.10B","-0.41%"
"02/19/2024","846.24","843.27","848.38","842.38","868.23M","0.03%"
"02/16/2024","845.97","850.72","852.74","843.33","1.14M","0.09%"
"02/15/2024","845.18","845.37","848.93","842.42","1.17M","0.08%"
"02/14/2024","844.51","843.66","846.56","841.50","941.79K","-0.76%"
"02/13/2024","850.94","851.54","854.90","850.34","932.79K","0.17%"
"02/12/2024","849.52","849.26","851.39","847.02","796.56K","0.11%"
"02/09/2024","848.58","850.41","851.60","846.79","684.73K","-0.12%"
"02/08/2024","849.62","856.49","859.91","849.39","1.08M","-0.91%"
"02/07/2024","857.43","857.17","859.14","853.17","1.11M","0.24%"
"02/06/2024","855.37","847.98","858.54","847.98","1.40B","1.05%"
"02/05/2024","846.52","846.28","851.02","843.82","1.38B","-0.09%"
"02/02/2024","847.31","841.95","848.96","841.95","1.17M","1.33%"
"02/01/2024","836.15","833.73","840.22","829.82","1.16M","0.26%"
"01/31/2024","834.02","839.59","839.77","830.73","1.31M","-0.53%"
"01/30/2024","838.49","840.65","841.48","836.49","1.27M","-0.33%"
"01/29/2024","841.30","841.29","844.12","834.65","1.04B","0.53%"
"01/26/2024","836.86","841.95","844.54","834.10","1.10M","-0.64%"
"01/25/2024","842.28","843.07","844.75","838.43","1.24M","-0.46%"
"01/24/2024","846.15","831.57","847.08","829.74","1.51M","1.88%"
"01/23/2024","830.52","839.60","841.32","827.94","1.86M","-0.74%"
"01/22/2024","836.68","845.91","845.98","836.19","2.94B","-1.03%"
"01/19/2024","845.38","845.84","849.15","842.24","1.96B","0.54%"
"01/18/2024","840.80","845.14","847.59","838.93","1.54M","-0.33%"
"01/17/2024","843.57","853.82","853.82","841.78","1.74M","-1.57%"
"01/16/2024","857.05","859.99","860.91","855.73","928.12M","-0.41%"
"01/15/2024","860.62","866.88","866.94","859.27","692.36K","-0.58%"
"01/12/2024","865.60","864.66","867.66","862.28","977.20K","0.20%"
"01/11/2024","863.87","868.42","869.04","862.95","724.30K","-0.36%"
"01/10/2024","866.99","868.76","870.35","864.32","1.34M","-0.11%"
"01/09/2024","867.94","875.53","875.92","867.32","957.74K","-0.10%"
"01/08/2024","868.83","874.37","874.95","866.11","1.12M","-0.68%"
"01/05/2024","874.81","879.15","883.14","873.06","1.02M","-0.75%"
"01/04/2024","881.44","879.05","882.38","873.90","1.28M","0.10%"
"01/03/2024","880.60","883.52","885.69","878.49","1.16M","-0.48%"
"01/02/2024","884.83","874.70","886.13","872.71","1.10M","1.09%"
"12/28/2023","875.25","874.11","878.53","873.37","1.39M","0.17%"
"12/27/2023","873.79","878.06","878.77","871.14","1.06M","-0.40%"
"12/26/2023","877.26","874.36","877.85","872.48","774.17K","0.32%"
"12/25/2023","874.45","871.16","875.14","870.85","481.32M","0.34%"
"12/22/2023","871.46","872.37","872.51","866.68","859.28M","0.07%"
"12/21/2023","870.81","865.31","873.21","864.77","1.02M","0.18%"
"12/20/2023","869.24","869.00","874.18","866.80","962.14K","0.26%"
"12/19/2023","866.96","866.53","868.67","862.78","767.06K","0.21%"
"12/18/2023","865.13","860.30","866.42","857.39","691.10K","0.17%"
"12/15/2023","863.64","858.69","867.51","856.70","1.65M","1.03%"
"12/14/2023","854.81","849.50","855.70","846.89","1.03M","1.62%"
"12/13/2023","841.20","847.63","847.75","838.77","973.59K","-1.10%"
"12/12/2023","850.55","854.50","854.50","847.59","924.64K","-0.25%"
"12/08/2023","852.69","852.30","857.60","849.39","984.88K","0.32%"
"12/07/2023","850.00","852.82","853.11","846.17","1.21M","-0.87%"
"12/06/2023","857.44","854.80","860.74","852.03","980.91K","0.20%"
"12/04/2023","855.70","849.48","859.56","848.07","868.29K","0.32%"
"12/01/2023","852.94","853.57","854.87","847.86","884.91M","0.00%"
"11/30/2023","852.94","858.85","858.98","847.51","2.41M","-0.58%"
"11/29/2023","857.90","868.96","868.99","857.89","1.31M","-0.98%"
"11/28/2023","866.36","865.27","869.35","862.16","1.00M","0.65%"
"11/27/2023","860.75","859.18","863.31","855.17","1.02M","-0.24%"
"11/24/2023","862.82","868.14","869.82","860.93","757.64K","-0.56%"
"11/23/2023","867.64","874.93","874.93","863.72","897.34K","-0.79%"
"11/22/2023","874.59","879.86","879.86","870.12","1.12M","-0.78%"
"11/21/2023","881.47","884.79","884.79","877.52","998.28M","0.25%"
"11/20/2023","879.24","876.32","880.17","872.58","1.16M","0.28%"
"11/17/2023","876.75","873.02","882.03","871.70","1.32M","-0.26%"
"11/16/2023","879.00","877.59","879.31","873.85","1.50B","0.02%"
"11/15/2023","878.86","871.74","880.98","870.71","1.90B","2.11%"
"11/14/2023","860.71","863.90","866.22","855.97","1.35B","-0.08%"
"11/13/2023","861.39","861.57","863.11","853.72","1.30B","0.11%"
"11/10/2023","860.48","862.00","870.74","858.14","1.42B","-1.12%"
"11/09/2023","870.23","871.74","874.23","859.62","1.17B","-0.25%"
"11/08/2023","872.38","872.57","876.90","869.27","1.10B","0.10%"
"11/07/2023","871.54","873.63","880.02","869.91","1.15B","-0.55%"
"11/06/2023","876.34","885.81","886.33","876.34","1.10B","-0.27%"
"11/03/2023","878.73","875.42","881.86","873.04","1.12B","1.10%"
"11/02/2023","869.19","863.55","872.42","862.74","1.17B","1.65%"
"11/01/2023","855.05","855.59","860.28","849.82","1.22B","-0.17%"
"10/31/2023","856.53","865.03","865.21","851.57","1.09B","-1.07%"
"10/30/2023","865.78","855.18","867.94","854.84","837.55M","0.76%"
"10/27/2023","859.26","854.96","861.58","845.27","1.08B","1.46%"
"10/26/2023","846.89","859.83","861.05","845.61","1.22B","-2.10%"
"10/25/2023","865.04","865.62","873.81","863.53","1.11B","0.82%"
"10/24/2023","857.99","862.02","863.54","856.23","1.33B","-0.69%"
"10/20/2023","863.93","875.37","877.72","862.01","1.47B","-1.60%"
"10/19/2023","877.98","878.30","880.64","874.69","1.06M","-1.17%"
"10/18/2023","888.33","880.40","891.97","879.67","1.32B","0.83%"
"10/17/2023","880.99","880.18","886.01","877.71","973.05M","0.50%"
"10/16/2023","876.65","885.69","887.69","868.52","1.37B","-1.53%"
"10/12/2023","890.26","893.44","895.18","887.77","961.95M","-0.37%"
"10/11/2023","893.57","880.76","894.50","878.59","1.34B","1.77%"
"10/10/2023","878.02","881.87","882.12","874.31","1.03B","0.40%"
"10/09/2023","874.50","874.98","876.58","868.27","1.12B","-0.28%"
"10/06/2023","876.95","890.93","891.15","874.00","985.74M","-1.23%"
"10/05/2023","887.91","887.84","889.62","880.68","1.09B","0.18%"
"10/04/2023","886.30","873.49","889.02","872.86","1.80B","0.07%"
"10/03/2023","885.67","892.77","893.83","882.38","2.21B","-1.71%"
"10/02/2023","901.06","900.67","906.19","893.99","1.18B","0.20%"
"09/29/2023","899.28","909.59","911.23","899.28","1.56B","-1.16%"
"09/28/2023","909.88","919.65","925.74","908.50","1.75B","-1.07%"
"09/27/2023","919.75","918.26","921.24","913.88","1.32B","0.26%"
"09/26/2023","917.39","921.32","928.96","916.94","1.54B","-0.66%"
"09/25/2023","923.50","934.93","935.14","923.48","1.13B","-1.09%"
"09/22/2023","933.69","927.69","937.63","924.55","1.43B","0.67%"
"09/21/2023","927.52","921.63","929.62","920.22","1.13B","0.36%"
"09/20/2023","924.16","932.74","932.74","920.84","1.38B","-1.00%"
"09/19/2023","933.53","937.01","939.49","932.08","1.11B","-0.39%"
"09/18/2023","937.17","944.04","944.04","935.78","1.05B","-0.94%"
"09/15/2023","946.02","950.78","951.21","945.10","1.43B","-0.14%"
"09/14/2023","947.35","943.26","949.34","939.21","959.62K","0.65%"
"09/13/2023","941.24","946.28","946.28","938.70","1.01M","-0.46%"
"09/12/2023","945.63","944.15","949.43","943.22","951.69M","0.40%"
"09/11/2023","941.90","946.65","948.06","938.35","926.06M","-0.43%"
"09/08/2023","946.00","949.05","951.11","946.00","973.33K","-0.31%"
"09/07/2023","948.94","948.53","953.97","946.43","1.04B","0.02%"
"09/06/2023","948.79","946.71","952.47","944.80","1.67B","0.18%"
"09/05/2023","947.09","948.36","951.37","945.00","1.46B","-0.15%"
"09/04/2023","948.49","958.52","959.30","946.78","1.59B","-0.89%"
"09/01/2023","957.01","959.57","962.12","954.82","1.53B","-0.02%"
"08/31/2023","957.21","964.80","965.62","956.67","4.48B","-0.98%"
"08/30/2023","966.69","966.68","970.18","964.37","1.75M","0.34%"
"08/29/2023","963.46","962.46","967.06","960.23","1.56M","0.28%"
"08/28/2023","960.75","963.80","966.07","958.65","1.27B","0.03%"
"08/25/2023","960.47","957.88","961.90","954.71","1.82B","0.01%"
"08/24/2023","960.35","957.69","965.30","957.69","2.49B","0.59%"
"08/23/2023","954.71","957.33","960.22","951.50","1.73B","0.02%"
"08/22/2023","954.56","949.09","956.73","946.41","2.04B","1.34%"
"08/21/2023","941.98","939.41","945.03","933.87","1.19B","0.57%"
"08/18/2023","936.68","941.60","943.10","934.07","2.00B","-0.81%"
"08/17/2023","944.29","934.76","945.97","932.52","1.37B","0.58%"
"08/16/2023","938.88","936.72","939.78","930.15","1.49B","-0.10%"
"08/15/2023","939.78","950.26","951.24","936.93","1.43B","-1.20%"
"08/11/2023","951.23","952.18","955.45","946.97","2.46B","0.01%"
"08/10/2023","951.10","947.93","951.13","940.46","1.42B","0.32%"
"08/09/2023","948.05","944.12","948.80","939.10","1.11B","0.63%"
"08/08/2023","942.11","953.53","954.83","942.11","1.12B","-1.04%"
"08/07/2023","952.05","950.82","957.81","942.80","1.12B","0.36%"
"08/04/2023","948.68","948.81","955.73","948.46","1.14B","0.10%"
"08/03/2023","947.72","957.71","960.21","947.22","1.49B","-1.59%"
"08/02/2023","963.01","961.51","969.85","958.85","1.46B","-0.33%"
"07/31/2023","966.18","962.36","970.58","961.05","1.53B","0.90%"
"07/27/2023","957.58","947.28","960.28","942.69","1.81B","1.27%"
"07/26/2023","945.55","946.94","948.51","941.92","1.02B","-0.06%"
"07/25/2023","946.10","947.92","951.12","940.79","1.09B","0.22%"
"07/24/2023","944.01","945.28","951.88","940.96","1.18B","-0.13%"
"07/21/2023","945.22","941.01","947.74","935.58","1.50B","0.69%"
"07/20/2023","938.72","947.55","951.46","938.49","1.35B","-0.98%"
"07/19/2023","947.99","949.82","954.82","944.09","1.80B","-0.08%"
"07/18/2023","948.76","941.08","949.08","941.08","1.47B","0.66%"
"07/17/2023","942.50","939.79","945.71","934.90","1.45B","0.50%"
"07/14/2023","937.80","924.90","939.00","924.90","1.43B","1.73%"
"07/13/2023","921.83","920.74","924.74","918.19","1.16B","0.13%"
"07/12/2023","920.65","924.50","929.43","917.61","1.33B","-0.07%"
"07/11/2023","921.32","924.79","926.34","917.40","890.25M","0.16%"
"07/10/2023","919.81","916.85","920.94","908.75","1.05B","0.59%"
"07/07/2023","914.37","908.04","918.20","903.16","873.79M","-0.01%"
"07/06/2023","914.49","921.42","923.53","910.71","1.21B","-1.27%"
"07/05/2023","926.27","925.51","929.72","923.81","1.20B","-0.19%"
"07/04/2023","928.06","919.70","931.00","917.92","1.42B","0.61%"
"07/03/2023","922.40","922.27","923.41","914.05","927.80M","0.34%"
"06/30/2023","919.28","909.37","920.82","908.00","1.87B","1.84%"
"06/29/2023","902.65","897.31","911.03","891.79","2.42B","0.69%"
"06/28/2023","896.42","906.47","908.30","895.16","1.94B","-0.70%"
"06/27/2023","902.74","910.21","914.45","902.74","1.11B","-0.61%"
"06/26/2023","908.30","916.90","919.63","906.54","1.48B","-1.01%"
"06/23/2023","917.58","915.42","921.61","910.60","1.06B","-0.12%"
"06/22/2023","918.69","927.91","928.35","915.29","1.28B","-0.78%"
"06/21/2023","925.93","931.51","933.28","921.45","1.30B","-0.93%"
"06/20/2023","934.61","939.35","942.90","930.41","1.73B","-1.59%"
"06/19/2023","949.69","946.35","953.84","944.31","802.81M","0.09%"
"06/16/2023","948.82","951.16","954.62","939.84","1.60B","0.13%"
"06/15/2023","947.62","945.99","950.81","943.29","1.21B","0.16%"
"06/14/2023","946.07","949.98","951.96","944.47","1.10M","-0.13%"
"06/13/2023","947.28","940.80","950.39","939.92","928.06M","0.79%"
"06/12/2023","939.81","938.24","942.99","936.15","1.25B","-0.19%"
"06/09/2023","941.58","944.80","945.28","938.26","1.24B","-0.46%"
"06/08/2023","945.95","927.06","945.95","924.77","1.63B","2.04%"
"06/07/2023","927.00","925.37","927.68","918.94","1.46B","0.37%"
"06/06/2023","923.54","929.53","930.85","921.70","1.46B","-0.15%"
"06/02/2023","924.89","921.08","927.80","918.88","1.54B","0.83%"
"06/01/2023","917.28","925.34","927.91","916.56","1.45B","-0.80%"
"05/31/2023","924.65","919.23","924.92","916.65","2.63B","-0.24%"
"05/30/2023","926.91","933.01","934.49","923.79","1.36B","-0.52%"
"05/29/2023","931.76","928.23","933.22","927.86","972.41M","0.76%"
"05/26/2023","924.72","926.88","929.05","922.70","1.14B","-0.45%"
"05/25/2023","928.88","929.40","933.06","924.56","1.57B","-0.04%"
"05/24/2023","929.22","926.14","934.26","925.84","1.22M","-0.02%"
"05/23/2023","929.43","926.79","931.42","919.78","1.84B","-0.01%"
"05/22/2023","929.56","912.18","931.52","903.66","1.60B","1.10%"
"05/19/2023","919.44","927.70","928.80","917.52","1.58B","-0.70%"
"05/18/2023","925.91","928.07","936.59","925.91","1.42B","0.32%"
"05/17/2023","922.93","935.31","936.13","918.12","1.68B","-1.22%"
"05/16/2023","934.35","936.03","939.57","932.18","1.40B","-0.16%"
"05/15/2023","935.87","954.75","954.75","933.05","1.72B","-1.25%"
"05/12/2023","947.72","948.57","950.44","938.38","1.50B","-0.30%"
"05/11/2023","950.57","953.01","956.76","948.30","1.47B","-0.12%"
"05/10/2023","951.69","947.47","953.24","943.89","1.18B","0.26%"
"05/09/2023","949.21","949.51","953.34","943.83","1.41B","-0.05%"
"05/08/2023","949.68","936.05","949.68","932.05","1.60B","2.17%"
"05/03/2023","929.50","922.56","930.73","913.14","1.65B","0.27%"
"05/02/2023","927.01","925.86","928.64","918.67","1.03B","0.46%"
"04/28/2023","922.72","928.16","932.89","918.86","939.54M","-0.24%"
"04/27/2023","924.98","931.15","931.67","921.36","818.98M","-1.02%"
"04/26/2023","934.54","934.71","939.02","926.85","1.34B","0.31%"
"04/25/2023","931.62","938.92","940.60","930.36","1.33B","-0.83%"
"04/24/2023","939.38","936.02","940.92","934.52","1.08B","0.09%"
"04/21/2023","938.50","942.37","948.37","931.70","2.05B","-0.53%"
"04/20/2023","943.50","952.83","954.96","941.16","1.68B","-1.08%"
"04/19/2023","953.80","956.55","962.49","951.54","1.23B","-0.75%"
"04/18/2023","961.00","965.53","966.54","957.56","1.02B","-0.53%"
"04/17/2023","966.09","961.08","969.22","957.44","1.12B","0.45%"
"04/12/2023","961.76","965.82","966.28","952.52","1.20B","-0.39%"
"04/11/2023","965.51","964.87","966.41","959.95","992.93M","0.21%"
"04/10/2023","963.52","950.72","966.35","946.22","775.73M","1.32%"
"04/07/2023","950.93","947.86","955.00","945.92","936.50M","0.51%"
"04/05/2023","946.12","960.74","961.44","944.75","1.01B","-1.58%"
"04/04/2023","961.27","965.83","967.34","958.09","944.51M","-0.37%"
"04/03/2023","964.83","975.01","977.46","961.42","758.79M","-0.97%"
"03/31/2023","974.26","970.47","976.98","968.78","745.13M","0.49%"
"03/30/2023","969.55","971.63","975.04","964.65","1.05B","-0.20%"
"03/29/2023","971.45","970.93","974.30","965.49","1.03B","0.38%"
"03/28/2023","967.78","965.41","968.63","964.04","1.43B","0.81%"
"03/27/2023","960.01","962.36","962.91","956.06","760.85M","-0.04%"
"03/24/2023","960.41","963.69","966.12","958.44","970.43M","-0.09%"
"03/23/2023","961.29","954.89","965.39","951.84","1.42B","0.48%"
"03/22/2023","956.67","954.93","958.93","951.26","1.37B","0.76%"
"03/21/2023","949.49","940.00","951.41","938.19","1.21B","1.66%"
"03/20/2023","933.94","937.54","944.41","925.89","1.39B","-0.69%"
"03/17/2023","940.40","939.65","946.53","933.89","1.84B","0.81%"
"03/16/2023","932.80","928.13","936.37","921.90","1.72B","-0.55%"
"03/15/2023","937.98","923.91","944.35","923.56","1.77B","2.99%"
"03/14/2023","910.71","933.92","939.42","906.76","2.99B","-3.05%"
"03/13/2023","939.39","951.32","959.25","938.67","2.02B","-1.56%"
"03/10/2023","954.28","955.95","959.01","951.63","1.04B","-0.84%"
"03/09/2023","962.35","964.20","968.30","958.88","1.23B","0.06%"
"03/08/2023","961.77","958.13","964.54","953.36","1.40B","-0.54%"
"03/07/2023","967.02","965.74","972.48","965.36","1.75B","0.64%"
"03/03/2023","960.90","966.55","966.76","958.58","1.86B","-0.46%"
"03/02/2023","965.31","966.41","973.55","962.01","1.25B","-0.17%"
"03/01/2023","966.94","969.37","972.60","965.61","1.09B","0.14%"
"02/28/2023","965.56","973.97","976.73","964.03","2.03B","-0.39%"
"02/27/2023","969.33","973.40","975.96","968.82","987.84M","-0.45%"
"02/24/2023","973.75","986.85","987.62","972.22","1.16B","-1.27%"
"02/23/2023","986.26","989.80","990.96","982.75","1.23B","-0.51%"
"02/22/2023","991.27","995.42","996.87","988.97","934.19M","-0.65%"
"02/21/2023","997.76","992.62","998.94","987.36","966.65M","0.62%"
"02/20/2023","991.60","992.72","993.47","987.82","959.07M","0.12%"
"02/17/2023","990.44","991.95","993.57","985.41","1.28B","-0.44%"
"02/16/2023","994.81","990.55","995.98","987.33","991.59M","0.87%"
"02/15/2023","986.19","985.32","990.02","982.18","6.89B","0.01%"
"02/14/2023","986.08","993.26","994.65","983.71","1.15B","-0.49%"
"02/13/2023","990.97","986.10","993.03","984.47","904.32M","0.19%"
"02/10/2023","989.10","990.12","992.38","985.45","1.26B","-0.24%"
"02/09/2023","991.51","992.04","994.08","984.62","1.22B","-0.08%"
"02/08/2023","992.32","1,000.64","1,001.49","990.31","998.63M","-0.59%"
"02/07/2023","998.25","1,000.28","1,004.09","995.65","1.03B","-0.04%"
"02/06/2023","998.63","1,001.86","1,003.32","997.04","641.98M","-0.56%"
"02/03/2023","1,004.22","999.61","1,005.74","996.94","844.00M","0.51%"
"02/02/2023","999.11","1,004.03","1,007.11","998.64","770.56M","-0.33%"
"02/01/2023","1,002.39","996.56","1,003.93","995.91","1.13B","0.95%"
"01/31/2023","992.95","1,002.86","1,003.55","992.13","1.59B","-0.97%"
"01/30/2023","1,002.72","1,004.06","1,005.20","999.30","1.26B","-0.04%"
"01/27/2023","1,003.12","999.54","1,005.32","996.04","1.16B","0.54%"
"01/26/2023","997.69","1,004.97","1,006.22","994.82","1.29B","-0.73%"
"01/25/2023","1,005.04","1,007.48","1,008.75","1,002.17","1.17B","-0.01%"
"01/24/2023","1,005.12","1,009.80","1,013.53","1,004.93","824.13M","-0.10%"
"01/23/2023","1,006.08","1,004.42","1,010.64","1,001.88","1.11B","0.41%"
"01/20/2023","1,001.97","1,009.04","1,009.82","998.39","1.61B","-0.83%"
"01/19/2023","1,010.31","1,005.61","1,011.63","1,004.83","1.01B","0.21%"
"01/18/2023","1,008.22","1,005.34","1,010.03","1,003.28","1.09B","0.39%"
"01/17/2023","1,004.34","1,007.91","1,009.95","1,002.53","1.02B","-0.31%"
"01/16/2023","1,007.45","1,009.29","1,012.57","1,003.50","1.09B","0.10%"
"01/13/2023","1,006.49","1,014.31","1,016.63","1,001.50","1.84B","-0.52%"
"01/12/2023","1,011.80","1,013.26","1,015.10","1,006.74","1.17B","0.02%"
"01/11/2023","1,011.61","1,017.20","1,018.37","1,008.59","1.30B","-0.53%"
"01/10/2023","1,017.02","1,019.61","1,020.39","1,012.62","1.42B","-0.09%"
"01/09/2023","1,017.96","1,015.57","1,020.24","1,014.48","1.40B","1.03%"
"01/06/2023","1,007.61","1,003.79","1,011.48","1,002.84","1.66B","0.51%"
"01/05/2023","1,002.46","1,009.94","1,011.34","999.82","1.77B","-0.74%"
"01/04/2023","1,009.90","1,013.30","1,018.70","1,005.99","1.40B","-0.34%"
"01/03/2023","1,013.39","1,009.84","1,016.78","1,007.95","1.19B","0.81%"
"12/30/2022","1,005.24","1,010.12","1,014.08","1,005.10","1.77B","-0.49%"
"12/29/2022","1,010.19","998.37","1,011.44","995.90","1.17B","0.96%"
"12/28/2022","1,000.54","996.23","1,002.07","994.18","814.76M","0.45%"
"12/27/2022","996.07","986.71","998.02","986.02","1.22B","1.28%"
"12/26/2022","983.51","980.11","985.48","979.23","525.43M","0.54%"
"12/23/2022","978.21","974.47","979.92","972.89","739.02M","0.04%"
"12/22/2022","977.86","976.12","978.43","973.80","678.33M","0.43%"
"12/21/2022","973.64","975.13","975.30","969.31","940.28M","0.00%"
"12/20/2022","973.67","979.80","980.49","968.38","1.08B","-0.59%"
"12/19/2022","979.42","979.57","982.62","975.22","1.17B","-0.08%"
"12/16/2022","980.24","975.34","980.60","973.29","1.54B","0.17%"
"12/15/2022","978.58","983.87","985.33","975.72","1.09B","-0.62%"
"12/14/2022","984.70","983.50","987.28","981.22","987.36M","0.36%"
"12/13/2022","981.17","982.87","984.62","977.14","962.51M","0.22%"
"12/09/2022","979.01","977.90","983.22","974.63","817.21M","0.16%"
"12/08/2022","977.47","979.22","980.26","972.84","956.89M","-0.14%"
"12/07/2022","978.83","983.25","987.36","977.78","1.04B","-0.50%"
"12/06/2022","983.77","985.74","986.56","980.06","1.18B","-0.36%"
"12/02/2022","987.30","993.63","994.21","985.39","843.55M","-0.71%"
"12/01/2022","994.36","996.86","997.99","992.39","1.31B","0.06%"
"11/30/2022","993.78","987.32","994.48","983.53","1.73B","0.70%"
"11/29/2022","986.92","981.12","987.37","978.47","1.08B","0.75%"
"11/28/2022","979.53","978.91","982.56","976.28","793.31M","-0.38%"
"11/25/2022","983.27","985.35","985.84","980.42","743.71M","-0.49%"
"11/24/2022","988.13","991.12","992.12","984.82","948.24M","0.03%"
"11/23/2022","987.84","985.06","990.17","983.13","1.32B","0.60%"
"11/22/2022","981.97","985.15","991.22","979.59","1.40B","-0.28%"
"11/21/2022","984.74","978.92","986.35","976.91","911.52M","0.32%"
"11/18/2022","981.62","980.92","983.55","977.37","932.84M","0.09%"
"11/17/2022","980.74","981.81","983.21","977.47","1.01B","-0.39%"
"11/16/2022","984.61","991.42","991.67","981.99","1.26B","-0.77%"
"11/15/2022","992.23","993.04","996.30","989.20","1.25B","0.01%"
"11/14/2022","992.15","997.43","1,000.05","988.46","1.04B","-0.91%"
"11/11/2022","1,001.30","999.32","1,003.34","994.96","1.65B","1.38%"
"11/10/2022","987.63","982.93","990.30","981.00","1.03B","-0.18%"
"11/09/2022","989.39","994.96","996.86","987.55","1.36B","-0.55%"
"11/08/2022","994.83","990.23","996.85","990.02","994.71M","0.77%"
"11/07/2022","987.27","993.31","995.52","984.97","1.24B","-0.25%"
"11/04/2022","989.77","991.58","997.03","989.30","1.20B","0.01%"
"11/03/2022","989.65","988.66","992.31","986.72","1.04B","-0.18%"
"11/02/2022","991.48","991.04","994.97","987.62","1.01B","0.20%"
"11/01/2022","989.52","983.00","992.01","981.58","1.27B","1.03%"
"10/31/2022","979.45","982.19","985.18","976.27","1.13B","0.29%"
"10/28/2022","976.57","975.35","978.08","970.35","937.19M","0.17%"
"10/27/2022","974.96","969.81","977.20","967.09","1.70B","0.79%"
"10/26/2022","967.34","970.18","971.42","965.33","2.39B","0.00%"
"10/25/2022","967.32","965.90","968.66","962.90","1.89B","0.59%"
"10/21/2022","961.60","959.65","963.66","957.80","1.13B","-0.01%"
"10/20/2022","961.71","950.21","962.98","948.53","1.77B","0.92%"
"10/19/2022","952.96","954.13","956.93","949.59","956.06M","0.01%"
"10/18/2022","952.84","946.36","956.40","945.35","1.43B","1.07%"
"10/17/2022","942.77","938.84","945.27","931.66","1.60B","0.52%"
"10/12/2022","937.91","938.66","941.36","935.14","1.31B","0.07%"
"10/11/2022","937.22","937.99","940.57","933.71","1.09B","-0.36%"
"10/10/2022","940.62","941.54","943.19","936.07","1.20B","-0.62%"
"10/07/2022","946.51","951.09","952.52","941.61","950.77M","-0.39%"
"10/06/2022","950.17","951.90","957.11","950.09","1.40B","0.19%"
"10/05/2022","948.33","951.78","953.98","944.96","1.06B","0.15%"
"10/04/2022","946.89","948.11","950.75","939.90","1.23B","1.00%"
"10/03/2022","937.55","952.76","956.98","936.10","1.72B","-1.77%"
"09/30/2022","954.44","955.62","959.66","952.51","1.20B","-0.24%"
"09/29/2022","956.73","968.24","973.22","954.51","1.49B","-0.73%"
"09/28/2022","963.75","965.31","969.07","962.40","1.54B","-0.92%"
"09/27/2022","972.71","975.65","979.89","970.95","1.67B","-0.22%"
"09/26/2022","974.90","977.80","978.57","970.48","1.80B","-0.61%"
"09/23/2022","980.86","988.26","990.73","980.05","1.08B","-0.84%"
"09/22/2022","989.15","981.36","992.47","977.65","1.21B","0.58%"
"09/21/2022","983.43","986.37","988.62","983.20","1.71B","-0.23%"
"09/20/2022","985.66","986.70","990.22","983.71","1.19B","0.44%"
"09/19/2022","981.37","982.59","984.59","979.35","1.05B","-0.01%"
"09/16/2022","981.42","986.50","988.07","979.63","2.18B","-0.77%"
"09/15/2022","989.04","997.23","997.96","988.56","1.20B","-0.74%"
"09/14/2022","996.41","991.86","998.94","990.42","1.39B","-0.53%"
"09/13/2022","1,001.73","1,003.06","1,005.46","998.97","1.37B","0.05%"
"09/12/2022","1,001.19","997.84","1,004.56","997.20","1.12B","0.78%"
"09/09/2022","993.48","991.43","996.05","988.43","948.75M","0.61%"
"09/08/2022","987.49","993.09","995.19","985.33","1.29B","-0.19%"
"09/07/2022","989.33","988.78","990.58","983.50","1.38B","-0.17%"
"09/06/2022","990.97","986.29","993.75","984.75","1.25B","0.85%"
"09/05/2022","982.59","984.57","984.81","977.33","1.03B","-0.14%"
"09/02/2022","983.99","984.56","987.31","976.98","1.38B","-0.06%"
"09/01/2022","984.55","993.51","995.87","981.10","1.57B","-1.18%"
"08/31/2022","996.33","989.33","998.53","987.55","1.78B","0.17%"
"08/30/2022","994.59","987.10","996.27","984.93","1.24B","0.94%"
"08/29/2022","985.36","982.93","989.91","980.16","1.48B","-1.04%"
"08/26/2022","995.69","996.52","998.54","990.45","1.26B","0.00%"
"08/25/2022","995.67","993.38","997.74","990.80","1.77B","0.76%"
"08/24/2022","988.14","986.78","992.73","982.79","2.06B","0.09%"
"08/23/2022","987.23","975.27","989.54","972.29","1.46B","1.13%"
"08/22/2022","976.20","981.75","984.00","972.97","1.07B","-0.73%"
"08/19/2022","983.35","987.10","989.97","981.73","1.17B","-0.57%"
"08/18/2022","989.00","989.84","991.92","984.87","1.23B","-0.25%"
"08/17/2022","991.48","987.75","993.44","985.67","1.56B","0.49%"
"08/16/2022","986.68","989.11","989.96","983.73","1.49B","0.00%"
"08/15/2022","986.65","985.67","990.44","982.39","1.34B","0.10%"
"08/11/2022","985.62","987.14","987.83","978.63","1.69B","0.25%"
"08/10/2022","983.12","980.68","983.24","974.81","1.52B","0.09%"
"08/09/2022","982.23","978.49","984.80","975.64","1.18B","0.32%"
"08/08/2022","979.06","969.23","979.06","961.49","1.42B","1.00%"
"08/05/2022","969.41","969.56","970.31","964.10","1.51B","0.22%"
"08/04/2022","967.29","969.83","971.85","963.13","1.36B","0.01%"
"08/03/2022","967.19","965.30","969.58","961.60","1.24B","0.16%"
"08/02/2022","965.65","963.50","968.51","961.61","1.44B","0.01%"
"08/01/2022","965.53","962.56","967.61","958.52","1.83B","0.71%"
"07/27/2022","958.73","951.54","959.04","947.73","1.14B","0.87%"
"07/26/2022","950.42","955.13","956.13","949.36","1.20B","-0.28%"
"07/25/2022","953.07","950.58","955.54","945.61","1.05B","0.30%"
"07/22/2022","950.20","948.57","952.24","942.27","2.93B","0.55%"
"07/21/2022","944.99","941.07","946.97","938.22","1.55B","0.32%"
"07/20/2022","941.96","945.45","946.16","938.35","1.32B","0.18%"
"07/19/2022","940.27","944.56","945.85","932.17","1.33B","-0.81%"
"07/18/2022","947.96","944.45","949.64","941.38","1.07B","0.75%"
"07/15/2022","940.90","943.48","944.22","929.92","1.60B","-0.18%"
"07/14/2022","942.57","946.02","949.83","938.29","1.58B","-0.63%"
"07/12/2022","948.50","953.07","954.76","945.46","929.76M","-0.76%"
"07/11/2022","955.75","953.03","955.82","949.09","1.07B","0.15%"
"07/08/2022","954.36","959.41","960.27","950.81","1.27B","-0.05%"
"07/07/2022","954.85","946.14","956.59","943.10","1.56B","1.13%"
"07/06/2022","944.15","943.19","947.33","936.90","1.58B","0.07%"
"07/05/2022","943.49","955.02","957.81","941.19","1.56B","-0.77%"
"07/04/2022","950.85","957.05","959.09","949.52","1.01B","-0.54%"
"07/01/2022","955.99","953.74","958.20","948.88","1.10B","0.52%"
"06/30/2022","951.07","963.43","965.55","948.80","1.51B","-1.25%"
"06/29/2022","963.08","963.19","965.61","959.57","965.40M","-0.58%"
"06/28/2022","968.73","958.59","969.95","955.48","1.23B","1.05%"
"06/27/2022","958.71","956.47","961.87","954.97","1.23B","0.88%"
"06/24/2022","950.36","949.69","951.68","943.69","1.31B","0.74%"
"06/23/2022","943.42","948.14","948.58","940.87","1.35B","-0.25%"
"06/22/2022","945.80","950.86","951.83","939.30","1.49B","-0.93%"
"06/21/2022","954.71","952.71","956.85","947.16","1.45B","0.88%"
"06/20/2022","946.34","942.82","950.24","940.16","1.33B","0.14%"
"06/17/2022","945.05","941.07","952.25","936.57","2.64B","0.02%"
"06/16/2022","944.90","972.18","973.71","944.78","2.45B","-2.18%"
"06/15/2022","965.91","971.21","972.11","962.64","1.47B","-0.49%"
"06/14/2022","970.69","968.12","974.12","964.07","1.37B","0.20%"
"06/13/2022","968.75","975.27","978.03","967.11","1.58B","-1.91%"
"06/10/2022","987.61","989.69","992.73","985.84","1.46B","-0.56%"
"06/09/2022","993.15","988.71","995.94","987.87","2.35B","0.45%"
"06/08/2022","988.66","990.39","991.57","983.94","1.23B","0.26%"
"06/07/2022","986.07","992.69","993.52","984.36","1.34B","-0.92%"
"06/06/2022","995.24","997.63","998.80","987.92","1.42B","-0.07%"
"06/02/2022","995.90","999.30","1,000.33","994.25","1.34B","-0.63%"
"06/01/2022","1,002.24","1,000.98","1,004.63","997.20","1.56B","0.00%"
"05/31/2022","1,002.24","995.60","1,002.27","992.26","2.04B","0.64%"
"05/30/2022","995.88","994.38","998.18","990.79","991.49M","0.89%"
"05/27/2022","987.08","990.58","992.21","982.59","1.27B","0.41%"
"05/26/2022","983.09","981.26","985.03","979.96","1.09B","0.58%"
"05/25/2022","977.46","983.16","988.85","977.13","1.24B","-0.21%"
"05/24/2022","979.56","986.94","987.55","978.75","1.19B","-0.75%"
"05/23/2022","986.94","981.02","986.98","978.41","1.29B","0.98%"
"05/20/2022","977.36","975.45","980.31","973.07","1.27B","1.09%"
"05/19/2022","966.84","964.11","971.48","961.58","1.22B","-1.04%"
"05/18/2022","977.01","972.63","979.27","967.11","1.65B","0.67%"
"05/17/2022","970.51","961.01","971.80","956.04","1.90B","1.83%"
"05/13/2022","953.06","955.93","958.63","949.30","2.03B","0.29%"
"05/12/2022","950.31","958.02","958.73","945.90","2.00B","-1.18%"
"05/11/2022","961.66","964.18","965.66","955.25","2.10B","-0.40%"
"05/10/2022","965.49","953.02","965.49","948.90","2.20B","1.17%"
"05/09/2022","954.33","964.09","964.49","953.46","1.65B","-1.29%"
"05/06/2022","966.79","967.76","972.10","963.95","1.45B","-1.04%"
"05/05/2022","976.98","986.61","989.40","976.89","1.82B","-0.21%"
"05/03/2022","979.01","983.39","984.80","976.79","1.58B","-0.46%"
"04/29/2022","983.56","983.67","989.38","983.25","1.32B","0.00%"
"04/28/2022","983.54","979.57","985.22","977.16","1.45B","0.49%"
"04/27/2022","978.76","980.90","982.69","974.86","1.40B","-0.24%"
"04/26/2022","981.16","987.52","990.66","981.09","2.08B","-0.19%"
"04/25/2022","983.07","987.15","989.08","982.54","1.81B","-1.28%"
"04/22/2022","995.80","994.51","996.85","989.48","1.38B","-0.26%"
"04/21/2022","998.37","997.94","1,001.89","995.88","1.06B","0.45%"
"04/20/2022","993.94","992.32","997.94","989.97","1.51B","0.24%"
"04/19/2022","991.59","997.53","999.75","991.54","1.30B","-0.02%"
"04/18/2022","991.80","991.83","998.46","990.37","1.24B","-0.48%"
"04/12/2022","996.54","998.53","1,001.18","995.24","851.00M","-0.59%"
"04/11/2022","1,002.47","1,003.60","1,005.48","998.66","951.77M","-0.38%"
"04/08/2022","1,006.33","1,008.22","1,010.39","1,002.48","1.26B","0.00%"
"04/07/2022","1,006.38","1,015.57","1,016.32","1,002.48","1.86B","-1.46%"
"04/05/2022","1,021.32","1,024.11","1,027.07","1,019.37","1.08B","-0.15%"
"04/04/2022","1,022.81","1,025.39","1,026.23","1,020.19","1.19B","-0.08%"
"04/01/2022","1,023.66","1,018.20","1,024.14","1,016.60","1.37B","0.39%"
"03/31/2022","1,019.67","1,022.09","1,024.41","1,017.94","975.05M","-0.31%"
"03/30/2022","1,022.83","1,019.64","1,026.10","1,017.18","1.80B","0.59%"
"03/29/2022","1,016.80","1,014.63","1,018.53","1,012.59","1.20B","0.43%"
"03/28/2022","1,012.43","1,010.49","1,015.65","1,008.71","924.32M","0.36%"
"03/25/2022","1,008.81","1,013.95","1,014.35","1,006.35","1.07B","-0.35%"
"03/24/2022","1,012.34","1,007.67","1,014.29","1,006.35","1.22B","0.37%"
"03/23/2022","1,008.61","1,016.13","1,017.42","1,007.85","1.20B","-0.39%"
"03/22/2022","1,012.53","1,009.95","1,014.46","1,008.50","1.64B","0.16%"
"03/21/2022","1,010.88","1,018.09","1,019.31","1,007.97","1.95B","-0.41%"
"03/18/2022","1,015.02","1,021.54","1,023.14","1,015.02","1.94B","-0.41%"
"03/17/2022","1,019.17","1,018.02","1,023.85","1,016.81","1.78B","0.71%"
"03/16/2022","1,011.95","1,005.67","1,012.90","1,002.14","1.65B","1.32%"
"03/15/2022","998.72","1,004.58","1,008.78","994.33","1.60B","-0.96%"
"03/14/2022","1,008.36","1,003.31","1,008.61","1,000.12","1.35B","0.30%"
"03/11/2022","1,005.31","995.43","1,006.81","992.16","1.51B","0.69%"
"03/10/2022","998.41","1,000.33","1,004.53","995.48","2.19B","0.35%"
"03/09/2022","994.96","986.57","995.07","975.27","2.74B","1.22%"
"03/08/2022","982.97","981.04","987.76","958.08","4.02B","-0.06%"
"03/07/2022","983.58","998.92","999.46","976.93","3.74B","-2.58%"
"03/04/2022","1,009.68","1,020.34","1,021.07","1,009.68","2.32B","-1.61%"
"03/03/2022","1,026.15","1,031.04","1,034.67","1,022.74","2.44B","0.27%"
"03/02/2022","1,023.36","1,022.11","1,026.04","1,017.94","2.39B","0.17%"
"03/01/2022","1,021.67","1,022.53","1,026.64","1,018.87","2.15B","0.50%"
"02/28/2022","1,016.58","1,011.95","1,020.54","1,005.40","1.93B","0.40%"
"02/25/2022","1,012.52","1,012.45","1,016.23","1,007.12","1.97B","0.76%"
"02/24/2022","1,004.86","1,014.88","1,017.46","1,000.02","3.10B","-1.65%"
"02/23/2022","1,021.68","1,017.27","1,024.37","1,013.61","1.88B","0.50%"
"02/22/2022","1,016.55","1,009.06","1,016.98","1,005.39","2.32B","-0.31%"
"02/21/2022","1,019.70","1,034.06","1,034.20","1,017.46","3.31B","-1.56%"
"02/18/2022","1,035.89","1,033.14","1,039.55","1,029.61","3.00B","0.00%"
"02/17/2022","1,035.94","1,034.82","1,041.37","1,033.83","3.15B","0.61%"
"02/15/2022","1,029.70","1,023.12","1,031.08","1,020.02","2.58B","0.84%"
"02/14/2022","1,021.09","1,024.47","1,026.31","1,017.25","2.00B","-0.69%"
"02/11/2022","1,028.14","1,023.33","1,029.84","1,020.51","2.65B","-0.17%"
"02/10/2022","1,029.88","1,030.77","1,031.72","1,024.10","2.59B","0.01%"
"02/09/2022","1,029.80","1,015.10","1,031.47","1,014.16","4.37B","1.81%"
"02/08/2022","1,011.50","1,007.91","1,012.07","1,004.87","1.93B","0.53%"
"02/07/2022","1,006.16","1,006.52","1,009.21","998.74","1.87B","0.29%"
"02/04/2022","1,003.29","1,002.29","1,007.48","1,001.50","1.74B","0.31%"
"02/03/2022","1,000.18","996.70","1,002.89","996.70","2.05B","0.04%"
"02/02/2022","999.78","1,000.57","1,002.07","995.05","1.18B","0.16%"
"02/01/2022","998.15","1,000.29","1,001.47","998.06","1.06B","0.49%"
"01/31/2022","993.29","995.91","1,000.29","993.17","1.68B","0.29%"
"01/28/2022","990.46","990.11","994.21","987.79","1.80B","0.21%"
"01/27/2022","988.36","984.41","988.60","977.24","2.61B","-0.38%"
"01/26/2022","992.13","989.70","995.43","988.07","2.16B","0.68%"
"01/25/2022","985.44","981.75","985.84","975.62","2.11B","0.03%"
"01/24/2022","985.15","985.41","989.48","981.81","2.18B","-0.19%"
"01/21/2022","987.06","985.80","989.43","980.71","2.42B","-0.34%"
"01/20/2022","990.44","992.10","994.56","989.66","2.12B","0.13%"
"01/19/2022","989.16","987.06","993.94","985.12","2.51B","0.16%"
"01/18/2022","987.60","998.76","1,000.87","987.06","1.83B","-0.91%"
"01/17/2022","996.67","995.84","999.19","993.60","1.11B","0.28%"
"01/14/2022","993.89","994.58","997.64","989.86","1.59B","-0.31%"
"01/13/2022","996.96","999.53","1,001.51","994.06","1.69B","-0.14%"
"01/12/2022","998.37","998.06","1,000.20","993.85","1.75B","0.66%"
"01/11/2022","991.82","986.44","992.59","986.14","1.38B","0.61%"
"01/10/2022","985.79","987.70","990.32","982.39","1.39B","-0.02%"
"01/07/2022","985.96","988.09","990.41","981.31","1.87B","0.23%"
"01/06/2022","983.71","992.83","994.69","983.14","2.71B","-1.89%"
"01/05/2022","1,002.61","1,000.10","1,004.26","998.04","1.81B","0.32%"
"01/04/2022","999.46","995.80","1,002.71","995.17","2.46B","0.88%"
"12/30/2021","990.75","991.81","993.53","986.45","1.54B","0.15%"
"12/29/2021","989.30","983.23","990.57","981.58","1.85B","0.69%"
"12/28/2021","982.48","978.50","986.04","978.32","1.95B","0.71%"
"12/27/2021","975.51","977.89","978.50","972.06","801.10M","0.04%"
"12/24/2021","975.13","977.15","978.57","972.61","1.04B","-0.08%"
"12/23/2021","975.92","970.02","979.77","969.75","1.65B","1.09%"
"12/22/2021","965.38","966.86","969.30","963.48","849.40M","0.27%"
"12/21/2021","962.82","964.38","968.32","960.83","941.56M","0.37%"
"12/20/2021","959.26","969.43","971.87","956.30","1.74B","-1.90%"
"12/17/2021","977.86","978.82","980.90","974.57","1.77B","-0.27%"
"12/16/2021","980.51","968.68","980.62","963.72","1.91B","1.70%"
"12/15/2021","964.12","967.99","970.64","962.62","849.10M","-0.72%"
"12/14/2021","971.13","962.36","971.36","959.50","1.33B","0.45%"
"12/13/2021","966.81","967.89","969.77","960.96","1.21B","0.47%"
"12/09/2021","962.24","966.18","967.51","958.05","1.45B","-0.23%"
"12/08/2021","964.44","963.35","966.39","957.97","2.01B","0.68%"
"12/07/2021","957.96","952.43","959.75","948.48","1.74B","1.50%"
"12/03/2021","943.76","948.38","951.21","943.69","1.15B","-0.43%"
"12/02/2021","947.84","942.90","948.40","939.68","1.25B","0.00%"
"12/01/2021","947.82","940.99","949.07","931.04","1.90B","1.36%"
"11/30/2021","935.08","955.91","963.18","933.35","3.65B","-1.39%"
"11/29/2021","948.28","961.15","966.70","947.16","2.55B","-1.42%"
"11/26/2021","961.93","980.33","981.54","959.97","4.12B","-2.60%"
"11/25/2021","987.60","992.69","993.69","984.49","2.22B","-0.16%"
"11/24/2021","989.19","989.70","994.89","987.45","2.28B","0.20%"
"11/23/2021","987.26","991.08","992.04","984.91","1.99B","-0.19%"
"11/22/2021","989.18","987.02","992.11","984.81","3.42B","0.49%"
"11/19/2021","984.39","990.63","992.86","982.23","2.71B","-0.48%"
"11/18/2021","989.18","985.22","992.05","984.13","2.59B","0.27%"
"11/17/2021","986.52","987.92","991.63","984.92","3.06B","0.00%"
"11/16/2021","986.51","986.13","990.01","983.13","2.13B","0.25%"
"11/15/2021","984.06","981.27","986.79","980.98","1.64B","0.46%"
"11/12/2021","979.59","982.83","985.04","978.86","1.19B","-0.03%"
"11/11/2021","979.88","978.04","981.93","975.93","1.35B","0.06%"
"11/10/2021","979.27","977.10","981.85","975.13","1.30B","-0.13%"
"11/09/2021","980.53","980.38","983.65","977.14","1.25B","0.03%"
"11/08/2021","980.22","983.65","986.82","976.63","1.47B","0.02%"
"11/05/2021","980.03","980.78","982.59","975.83","944.99M","-0.01%"
"11/04/2021","980.11","973.63","981.70","968.95","1.56B","0.77%"
"11/03/2021","972.64","976.72","978.80","969.53","2.60B","-0.26%"
"11/02/2021","975.13","972.65","977.17","967.65","1.33B","0.49%"
"11/01/2021","970.42","978.17","982.54","967.92","1.28B","-0.44%"
"10/29/2021","974.67","977.62","979.99","972.47","1.14B","-0.20%"
"10/28/2021","976.67","976.35","981.46","973.49","1.35B","-0.07%"
"10/27/2021","977.32","980.90","982.90","976.53","1.66B","-0.68%"
"10/26/2021","984.04","983.08","985.79","976.85","1.57B","0.13%"
"10/25/2021","982.81","989.95","990.85","979.45","1.34B","-0.61%"
"10/21/2021","988.81","990.66","991.66","985.73","1.34B","0.30%"
"10/20/2021","985.86","984.09","987.42","982.60","1.36B","0.39%"
"10/19/2021","982.02","994.39","995.31","978.97","2.26B","-0.91%"
"10/18/2021","991.07","989.77","994.60","987.62","1.70B","0.37%"
"10/15/2021","987.44","990.72","994.78","984.39","1.93B","0.02%"
"10/14/2021","987.28","992.31","993.09","984.18","2.26B","-0.24%"
"10/12/2021","989.66","990.40","992.30","984.89","1.96B","0.73%"
"10/11/2021","982.45","988.75","991.44","979.85","2.27B","-0.33%"
"10/08/2021","985.71","987.97","989.92","982.65","2.08B","0.37%"
"10/07/2021","982.10","977.83","985.78","975.52","3.07B","0.91%"
"10/06/2021","973.25","980.05","982.33","971.54","2.02B","-0.57%"
"10/05/2021","978.86","969.26","980.85","968.44","2.16B","0.79%"
"10/04/2021","971.22","968.74","975.23","968.06","1.69B","0.65%"
"10/01/2021","964.99","960.35","968.09","956.65","1.73B","0.07%"
"09/30/2021","964.35","970.56","974.00","960.49","2.06B","-0.77%"
"09/29/2021","971.85","964.19","976.19","963.42","2.44B","-0.11%"
"09/28/2021","972.95","977.85","980.18","971.04","2.53B","-0.31%"
"09/27/2021","976.02","985.52","987.63","972.88","3.67B","-0.58%"
"09/23/2021","981.73","979.53","985.23","973.38","4.24B","1.27%"
"09/22/2021","969.44","966.67","973.35","964.01","1.78B","0.21%"
"09/21/2021","967.39","961.87","969.94","953.40","1.14B","0.71%"
"09/20/2021","960.58","968.06","970.93","958.15","1.06B","-1.45%"
"09/17/2021","974.71","978.56","980.70","969.39","1.88B","-0.39%"
"09/16/2021","978.53","979.77","981.37","975.17","1.28B","0.28%"
"09/15/2021","975.79","974.63","978.90","971.53","950.92M","0.12%"
"09/14/2021","974.58","985.46","985.46","972.94","1.24B","-0.71%"
"09/13/2021","981.52","983.44","990.15","977.93","1.40B","-0.38%"
"09/10/2021","985.29","984.41","989.09","975.61","1.23B","0.35%"
"09/09/2021","981.86","989.26","995.88","980.60","1.34B","-1.06%"
"09/08/2021","992.35","988.07","993.74","982.58","1.17B","0.10%"
"09/07/2021","991.33","1,001.47","1,005.63","989.87","1.61B","-0.61%"
"09/06/2021","997.45","1,000.94","1,002.92","994.38","898.57M","-0.32%"
"09/03/2021","1,000.64","1,002.94","1,005.67","995.68","935.51M","0.18%"
"09/02/2021","998.81","987.99","1,002.16","986.43","1.51B","1.07%"
"09/01/2021","988.20","994.57","997.23","984.22","1.58B","-0.40%"
"08/31/2021","992.13","985.48","995.78","982.19","1.82B","0.49%"
"08/30/2021","987.31","978.82","989.24","978.18","1.86B","1.56%"
"08/27/2021","972.16","965.17","974.49","962.91","1.59B","0.76%"
"08/26/2021","964.79","965.50","966.91","961.05","976.89M","-0.07%"
"08/25/2021","965.45","959.19","966.03","956.75","1.42B","0.91%"
"08/24/2021","956.78","959.28","966.08","955.41","1.87B","0.27%"
"08/23/2021","954.17","941.35","954.99","941.05","2.44B","2.35%"
"08/20/2021","932.27","931.05","933.88","927.53","1.51B","0.56%"
"08/19/2021","927.09","929.68","934.23","926.58","1.07B","-0.74%"
"08/18/2021","933.97","931.00","938.01","929.40","1.32B","0.47%"
"08/17/2021","929.61","926.16","931.35","922.09","1.42B","0.78%"
"08/16/2021","922.42","917.83","924.25","910.33","1.29B","0.53%"
"08/13/2021","917.54","915.21","922.92","913.74","1.30B","0.03%"
"08/11/2021","917.24","927.17","928.68","916.48","1.34B","-0.55%"
"08/10/2021","922.27","923.79","928.22","920.08","1.23B","0.08%"
"08/09/2021","921.51","912.95","924.09","910.17","1.04B","1.43%"
"08/06/2021","908.50","912.84","918.52","903.57","1.23B","-0.33%"
"08/05/2021","911.53","924.15","926.13","911.00","1.16B","-1.52%"
"08/04/2021","925.63","922.65","928.18","916.80","880.91M","0.35%"
"08/03/2021","922.36","914.46","922.36","913.27","1.22B","0.89%"
"08/02/2021","914.26","912.78","914.33","905.46","1.21B","0.40%"
"07/30/2021","910.61","917.78","919.49","908.20","1.99B","-0.95%"
"07/29/2021","919.34","920.52","923.04","914.37","1.36B","0.18%"
"07/27/2021","917.72","924.08","927.02","912.62","1.18B","-0.60%"
"07/23/2021","923.24","927.16","928.97","920.15","1.42B","-0.65%"
"07/22/2021","929.30","928.54","930.73","924.98","1.43B","0.76%"
"07/21/2021","922.25","922.18","924.22","915.92","1.53B","0.20%"
"07/20/2021","920.40","926.92","927.86","915.68","1.55B","-1.08%"
"07/19/2021","930.44","932.69","935.63","927.19","1.07B","-1.26%"
"07/16/2021","942.35","939.33","943.71","937.45","1.40B","-0.02%"
"07/15/2021","942.55","944.05","948.17","940.61","1.21B","0.20%"
"07/14/2021","940.68","943.50","945.17","936.74","1.12B","-0.38%"
"07/13/2021","944.31","937.27","945.92","935.54","1.19B","1.29%"
"07/12/2021","932.24","937.99","939.96","928.96","1.27B","-0.21%"
"07/09/2021","934.18","927.60","938.34","925.80","2.08B","0.48%"
"07/08/2021","929.76","940.33","942.61","927.15","2.95B","-1.95%"
"07/07/2021","948.23","951.50","954.39","945.96","1.66B","-0.89%"
"07/06/2021","956.78","955.26","960.00","954.40","927.20M","0.68%"
"07/05/2021","950.33","950.72","951.93","945.73","930.66M","0.11%"
"07/02/2021","949.27","954.76","958.89","945.86","1.21B","-0.85%"
"07/01/2021","957.36","955.95","960.45","951.61","1.23B","0.38%"
"06/30/2021","953.72","960.77","963.16","950.64","1.69B","-0.38%"
"06/29/2021","957.39","951.36","961.14","950.50","1.40B","0.75%"
"06/28/2021","950.26","949.09","953.05","943.86","1.34B","-0.47%"
"06/25/2021","954.78","959.99","962.24","951.46","1.13B","-0.14%"
"06/24/2021","956.14","955.45","957.11","946.69","1.52B","-0.30%"
"06/23/2021","959.00","966.20","967.21","957.89","1.34B","-0.31%"
"06/22/2021","961.99","968.74","970.42","961.52","1.04B","-0.10%"
"06/21/2021","962.99","961.21","964.32","956.76","1.23B","-0.84%"
"06/18/2021","971.19","974.78","976.97","965.61","1.92B","-0.28%"
"06/17/2021","973.93","976.33","982.99","972.72","1.22B","-0.63%"
"06/16/2021","980.13","979.55","985.12","976.41","1.45B","0.08%"
"06/15/2021","979.39","988.20","989.50","976.81","1.39B","-0.91%"
"06/14/2021","988.38","993.95","995.06","984.94","1.21B","-0.24%"
"06/11/2021","990.78","985.97","990.79","983.89","1.36B","0.94%"
"06/10/2021","981.60","985.82","989.23","980.02","1.59B","-0.05%"
"06/09/2021","982.05","976.13","983.58","975.98","1.21B","0.92%"
"06/08/2021","973.13","973.86","977.28","967.19","1.52B","0.02%"
"06/07/2021","972.97","976.48","981.93","971.75","1.39B","0.07%"
"06/04/2021","972.32","974.25","980.59","972.19","1.39B","-0.61%"
"06/02/2021","978.28","984.63","986.37","975.07","1.48B","-0.30%"
"06/01/2021","981.19","968.66","982.49","964.72","1.81B","1.93%"
"05/31/2021","962.58","956.03","963.49","952.25","1.05B","0.67%"
"05/28/2021","956.19","962.07","965.22","954.83","1.38B","-0.10%"
"05/27/2021","957.10","948.71","961.21","946.73","2.74B","0.95%"
"05/25/2021","948.06","942.82","949.91","940.30","1.19B","1.42%"
"05/24/2021","934.83","938.47","941.96","933.25","1.22B","-0.29%"
"05/21/2021","937.53","941.28","941.77","931.84","1.06B","-0.08%"
"05/20/2021","938.31","945.18","947.36","937.83","1.34B","-0.55%"
"05/19/2021","943.47","943.94","949.25","941.38","1.17B","-0.57%"
"05/18/2021","948.87","946.09","951.89","944.88","1.20B","1.05%"
"05/17/2021","938.99","934.61","942.97","927.06","1.31B","0.03%"
"05/14/2021","938.68","941.96","944.15","928.10","1.43B","0.04%"
"05/13/2021","938.33","940.79","944.41","912.03","2.42B","-1.49%"
"05/12/2021","952.55","955.02","956.92","942.52","1.50B","-0.46%"
"05/11/2021","956.97","952.20","962.01","948.27","1.61B","-0.26%"
"05/10/2021","959.45","965.46","965.58","950.64","925.61M","0.38%"
"05/07/2021","955.80","953.17","958.56","949.03","1.05B","1.08%"
"05/06/2021","945.55","932.35","949.14","930.77","1.33B","1.71%"
"05/05/2021","929.63","953.45","954.62","928.03","1.95B","-2.76%"
"04/30/2021","955.97","964.17","965.24","955.45","1.07B","-0.89%"
"04/29/2021","964.55","959.61","966.44","958.73","1.53B","1.08%"
"04/28/2021","954.24","946.51","955.32","944.21","1.42B","1.16%"
"04/27/2021","943.34","945.76","949.44","938.95","1.65B","-0.06%"
"04/26/2021","943.92","941.86","946.06","935.96","1.42B","0.14%"
"04/23/2021","942.63","949.54","949.78","940.29","1.56B","-1.04%"
"04/22/2021","952.58","964.88","966.02","949.77","1.62B","-0.97%"
"04/21/2021","961.89","959.98","965.65","958.89","1.30B","-0.21%"
"04/20/2021","963.94","958.88","965.01","956.46","1.63B","0.38%"
"04/19/2021","960.33","949.65","961.54","947.00","1.30B","1.46%"
"04/16/2021","946.50","945.53","947.07","937.10","1.75B","0.58%"
"04/12/2021","941.08","952.53","953.00","938.94","1.27B","-1.55%"
"04/09/2021","955.90","952.33","960.11","951.97","1.17B","0.62%"
"04/08/2021","950.04","948.51","954.24","947.40","1.14B","-0.02%"
"04/07/2021","950.22","956.32","960.28","949.45","1.99B","-1.50%"
"04/05/2021","964.71","977.68","979.38","961.79","1.19B","-1.17%"
"04/02/2021","976.13","980.78","983.18","975.17","1.12B","0.05%"
"04/01/2021","975.66","975.60","980.06","971.42","1.40B","0.46%"
"03/31/2021","971.24","974.15","975.28","969.28","1.16B","-0.15%"
"03/30/2021","972.70","971.49","976.17","968.91","2.53B","0.52%"
"03/29/2021","967.69","968.29","975.11","966.74","1.32B","0.42%"
"03/26/2021","963.66","965.70","968.87","958.75","1.45B","0.20%"
"03/25/2021","961.75","964.35","967.50","960.03","2.00B","0.02%"
"03/24/2021","961.59","952.63","961.59","950.90","1.48B","0.40%"
"03/23/2021","957.73","962.92","964.34","955.59","1.62B","-0.18%"
"03/22/2021","959.48","958.28","963.97","952.19","1.04B","0.01%"
"03/19/2021","959.41","960.62","963.37","954.70","1.57B","-0.70%"
"03/18/2021","966.15","976.51","979.53","965.74","1.52B","-0.13%"
"03/17/2021","967.45","963.35","970.93","960.50","1.61B","0.23%"
"03/16/2021","965.26","970.23","973.38","963.97","1.33B","-0.32%"
"03/15/2021","968.34","975.43","977.83","965.77","1.21B","-0.50%"
"03/12/2021","973.16","981.83","985.45","969.49","2.10B","-0.57%"
"03/11/2021","978.70","982.46","984.62","973.57","2.48B","0.30%"
"03/10/2021","975.73","962.16","976.66","959.33","2.59B","1.50%"
"03/09/2021","961.27","964.96","966.67","951.81","2.13B","0.32%"
"03/08/2021","958.16","968.90","971.51","955.09","2.74B","-0.02%"
"03/05/2021","958.33","950.12","966.77","949.13","2.42B","0.49%"
"03/04/2021","953.61","957.15","959.90","950.12","2.33B","-1.11%"
"03/03/2021","964.34","938.15","964.34","937.97","2.94B","3.32%"
"03/02/2021","933.35","934.58","938.21","931.35","1.44B","0.04%"
"03/01/2021","932.94","928.25","936.97","924.02","1.39B","0.32%"
"02/25/2021","929.95","939.83","941.27","927.97","2.43B","0.35%"
"02/24/2021","926.74","935.71","938.57","922.77","1.54B","-0.71%"
"02/23/2021","933.34","924.03","938.33","922.76","1.60B","1.86%"
"02/22/2021","916.29","933.25","934.10","915.41","1.60B","-1.53%"
"02/19/2021","930.51","933.13","935.38","925.33","1.78B","-0.81%"
"02/18/2021","938.08","945.24","949.22","938.05","1.29B","-0.43%"
"02/17/2021","942.16","946.31","953.75","941.67","1.67B","-0.83%"
"02/16/2021","950.00","952.71","954.94","949.37","1.14B","0.01%"
"02/15/2021","949.89","946.55","955.42","943.04","1.09B","0.77%"
"02/11/2021","942.63","953.27","953.96","939.09","1.04B","-0.81%"
"02/10/2021","950.28","955.13","957.03","946.65","1.57B","0.09%"
"02/09/2021","949.46","954.11","958.20","948.22","2.15B","0.13%"
"02/08/2021","948.24","942.44","949.10","940.46","3.00B","1.57%"
"02/05/2021","933.55","929.03","934.84","927.29","1.80B","1.09%"
"02/04/2021","923.52","927.13","931.10","919.96","1.80B","-0.05%"
"02/03/2021","923.94","937.39","938.54","923.94","2.12B","-0.45%"
"02/02/2021","928.07","933.33","937.20","924.15","1.42B","0.56%"
"02/01/2021","922.89","914.83","926.75","908.04","1.74B","0.68%"
"01/29/2021","916.66","923.79","925.38","908.82","2.14B","-0.03%"
"01/28/2021","916.91","925.61","932.62","916.46","1.92B","-2.12%"
"01/27/2021","936.76","948.39","951.58","936.76","1.23B","-1.50%"
"01/26/2021","951.02","937.58","952.25","932.19","1.59B","0.96%"
"01/25/2021","942.00","939.47","944.67","933.29","1.53B","0.24%"
"01/22/2021","939.73","947.04","954.35","936.03","1.98B","-1.25%"
"01/21/2021","951.58","960.09","962.79","948.47","2.53B","-0.13%"
"01/20/2021","952.86","958.86","962.86","949.18","1.89B","-0.55%"
"01/19/2021","958.16","956.20","964.13","955.68","1.40B","0.90%"
"01/18/2021","949.64","951.27","954.98","943.94","1.39B","-0.86%"
"01/15/2021","957.86","971.49","977.38","954.30","1.74B","-1.39%"
"01/14/2021","971.35","978.11","984.91","969.64","1.71B","-0.96%"
"01/13/2021","980.75","981.68","992.03","976.81","2.32B","0.54%"
"01/12/2021","975.51","973.75","978.64","967.01","1.52B","0.06%"
"01/11/2021","974.91","978.89","988.32","968.69","1.98B","-0.27%"
"01/08/2021","977.59","965.70","977.59","964.91","3.00B","2.32%"
"01/07/2021","955.39","952.69","959.29","946.05","4.56B","1.59%"
"01/06/2021","940.41","951.94","957.42","935.88","3.41B","-1.42%"
"01/05/2021","953.99","923.20","953.99","921.51","2.93B","3.21%"
"01/04/2021","924.36","896.70","924.36","893.62","2.76B","1.53%"
"12/30/2020","910.45","927.67","929.05","907.73","3.08B","-1.47%"
"12/29/2020","924.00","910.61","924.16","907.95","2.17B","2.03%"
"12/28/2020","905.64","925.42","925.75","905.13","2.81B","-1.38%"
"12/25/2020","918.35","915.07","920.89","911.17","3.32B","0.92%"
"12/24/2020","910.01","896.75","913.11","890.63","3.78B","1.80%"
"12/23/2020","893.90","903.99","916.35","893.87","4.01B","-1.34%"
"12/22/2020","906.00","893.89","910.49","881.64","3.70B","1.57%"
"12/21/2020","892.00","912.02","926.20","891.88","4.92B","-5.84%"
"12/18/2020","947.28","949.32","953.60","940.86","3.29B","-0.18%"
"12/17/2020","948.99","954.01","959.85","948.47","14.38B","-0.20%"
"12/16/2020","950.90","955.90","956.95","944.69","7.24B","0.17%"
"12/15/2020","949.28","941.09","950.06","934.63","2.83B","0.15%"
"12/14/2020","947.82","962.45","965.84","945.14","4.00B","-1.11%"
"12/09/2020","958.49","962.47","968.93","951.88","4.15B","0.29%"
"12/08/2020","955.75","937.80","960.32","932.41","4.88B","1.66%"
"12/04/2020","940.17","931.47","944.35","931.00","3.65B","0.97%"
"12/03/2020","931.10","922.17","933.02","918.67","3.03B","1.48%"
"12/02/2020","917.49","914.80","926.81","913.81","2.92B","-0.23%"
"12/01/2020","919.58","915.65","926.91","915.07","3.28B","1.21%"
"11/30/2020","908.61","924.36","929.03","908.39","6.85B","-2.63%"
"11/27/2020","933.14","930.56","938.34","927.77","2.29B","-0.05%"
"11/26/2020","933.60","928.48","934.17","923.73","2.03B","0.99%"
"11/25/2020","924.42","924.77","933.87","904.71","3.33B","1.27%"
"11/24/2020","912.85","934.92","937.36","912.03","3.65B","-1.59%"
"11/23/2020","927.63","910.11","929.43","908.38","3.76B","2.56%"
"11/20/2020","904.47","888.78","905.30","886.94","3.00B","1.66%"
"11/19/2020","889.70","886.73","895.15","885.50","2.13B","0.13%"
"11/18/2020","888.51","872.85","888.51","868.84","1.94B","1.35%"
"11/17/2020","876.66","882.56","889.17","872.64","3.02B","-0.18%"
"11/16/2020","878.24","886.17","889.98","878.00","2.77B","0.32%"
"11/13/2020","875.40","862.37","880.98","859.95","3.78B","0.82%"
"11/12/2020","868.27","873.24","873.75","860.82","2.40B","-1.12%"
"11/11/2020","878.09","885.25","888.28","867.01","3.35B","0.28%"
"11/10/2020","875.64","861.56","879.64","846.56","5.33B","6.91%"
"11/09/2020","819.07","814.64","826.86","811.64","2.25B","2.63%"
"11/06/2020","798.05","800.01","805.38","790.93","2.22B","-0.19%"
"11/05/2020","799.58","774.29","801.95","772.36","2.31B","4.51%"
"11/04/2020","765.09","766.71","772.75","759.88","1.26B","-0.12%"
"11/03/2020","766.00","756.79","767.28","756.29","1.26B","2.01%"
"11/02/2020","750.87","747.17","751.63","743.57","967.53M","0.62%"
"10/30/2020","746.26","753.06","753.25","739.95","1.45B","-0.65%"
"10/29/2020","751.14","750.49","755.49","746.81","1.19B","-0.65%"
"10/28/2020","756.02","756.84","764.39","754.70","1.34B","-0.36%"
"10/27/2020","758.72","751.57","761.47","748.23","1.03B","0.11%"
"10/26/2020","757.85","761.79","762.80","755.42","774.73M","-0.63%"
"10/22/2020","762.68","762.96","771.22","755.75","1.26B","-0.32%"
"10/21/2020","765.10","765.40","769.14","760.64","1.12B","0.58%"
"10/20/2020","760.71","757.61","767.63","753.63","1.19B","-0.03%"
"10/19/2020","760.94","768.22","769.28","757.33","1.35B","-2.00%"
"10/16/2020","776.50","783.74","785.44","771.77","1.01B","-0.71%"
"10/15/2020","782.02","787.60","790.65","779.99","1.20B","-1.61%"
"10/14/2020","794.81","800.31","801.91","790.40","1.08B","-1.22%"
"10/12/2020","804.59","801.79","808.69","797.87","954.35M","0.47%"
"10/09/2020","800.79","808.18","809.17","797.89","983.31M","-0.52%"
"10/08/2020","804.96","801.81","810.61","799.45","1.35B","0.94%"
"10/07/2020","797.43","785.08","798.08","782.21","1.36B","1.25%"
"10/06/2020","787.62","788.32","792.25","785.10","1.37B","0.74%"
"10/05/2020","781.81","783.52","785.56","778.07","862.93M","0.58%"
"10/02/2020","777.31","785.07","785.75","772.78","1.37B","-1.36%"
"10/01/2020","788.02","786.49","791.02","777.61","995.65M","0.89%"
"09/30/2020","781.06","797.46","798.54","780.61","986.58M","-1.93%"
"09/29/2020","796.43","804.40","805.19","793.61","911.71M","-0.70%"
"09/28/2020","802.03","790.56","803.25","790.45","1.05B","2.04%"
"09/25/2020","786.03","789.81","794.22","783.53","1.08B","-0.15%"
"09/24/2020","787.21","795.26","798.13","784.04","1.31B","-1.88%"
"09/23/2020","802.30","811.27","812.14","801.80","964.41M","-0.81%"
"09/22/2020","808.83","812.66","815.25","805.49","954.37M","-0.86%"
"09/21/2020","815.81","830.08","831.47","814.24","790.08M","-1.33%"
"09/18/2020","826.83","827.91","831.07","821.19","1.14B","0.14%"
"09/17/2020","825.66","828.74","831.22","822.17","792.19M","-0.87%"
"09/16/2020","832.88","827.59","834.79","825.18","958.01M","0.66%"
"09/15/2020","827.38","822.26","828.44","819.13","752.93M","1.09%"
"09/14/2020","818.43","827.99","829.15","817.09","738.93M","-0.63%"
"09/11/2020","823.64","829.00","833.53","822.50","718.55M","-0.80%"
"09/10/2020","830.25","832.31","835.20","826.35","805.33M","-0.16%"
"09/09/2020","831.54","821.94","833.16","819.85","1.06B","-0.16%"
"09/08/2020","832.91","840.41","840.65","831.47","929.27M","-1.38%"
"09/03/2020","844.60","850.08","851.65","841.60","970.71M","-0.35%"
"09/02/2020","847.56","840.34","848.12","837.36","997.13M","0.70%"
"09/01/2020","841.66","846.41","849.17","838.14","1.06B","-0.30%"
"08/31/2020","844.22","859.55","863.28","843.49","1.63B","-1.29%"
"08/28/2020","855.29","865.30","867.45","852.87","1.43B","-0.39%"
"08/27/2020","858.66","856.10","863.14","854.51","1.20B","0.24%"
"08/26/2020","856.64","854.87","858.38","848.73","1.11B","0.32%"
"08/25/2020","853.89","859.14","861.85","853.29","1.22B","0.19%"
"08/24/2020","852.29","844.78","853.83","839.50","1.19B","1.45%"
"08/21/2020","840.07","847.14","848.96","838.21","852.52M","-0.02%"
"08/20/2020","840.28","841.66","847.32","838.10","1.23B","-1.21%"
"08/19/2020","850.57","868.69","869.55","846.43","1.59B","-1.99%"
"08/18/2020","867.86","861.06","867.95","860.63","1.12B","0.77%"
"08/17/2020","861.25","866.29","867.93","856.66","1.33B","-0.28%"
"08/14/2020","863.69","877.43","879.38","861.87","1.34B","-1.71%"
"08/13/2020","878.70","876.64","880.89","874.82","1.89B","1.38%"
"08/11/2020","866.77","863.19","870.99","861.13","1.66B","1.50%"
"08/10/2020","853.92","858.65","860.91","853.82","664.57M","-0.35%"
"08/07/2020","856.88","862.48","863.57","854.28","809.77M","-0.83%"
"08/06/2020","864.05","863.65","872.54","863.35","1.13B","-0.17%"
"08/05/2020","865.49","863.28","868.94","856.96","1.28B","0.60%"
"08/04/2020","860.32","859.93","865.54","857.74","1.11B","0.90%"
"08/03/2020","852.67","858.84","859.45","847.64","1.06B","-1.19%"
"07/31/2020","862.98","852.92","863.07","844.39","1.52B","1.04%"
"07/30/2020","854.12","875.48","876.71","851.90","1.36B","-1.98%"
"07/29/2020","871.41","878.20","881.21","870.06","1.26B","-0.47%"
"07/24/2020","875.50","881.01","882.71","872.38","1.19B","-1.71%"
"07/23/2020","890.70","888.74","894.24","882.61","1.56B","0.14%"
"07/22/2020","889.48","906.34","907.58","889.21","1.29B","-1.63%"
"07/21/2020","904.21","896.86","906.57","895.92","1.59B","1.59%"
"07/20/2020","890.04","890.77","896.79","885.54","1.04B","-0.23%"
"07/17/2020","892.09","886.46","893.42","883.58","745.20M","1.01%"
"07/16/2020","883.16","888.20","890.87","879.63","940.82M","-0.65%"
"07/15/2020","888.98","887.11","891.97","882.13","1.30B","1.12%"
"07/14/2020","879.13","871.20","880.64","866.57","1.29B","0.05%"
"07/13/2020","878.65","894.04","895.19","876.30","1.42B","-0.80%"
"07/10/2020","885.71","892.86","896.94","882.13","1.00B","-1.58%"
"07/09/2020","899.93","901.78","904.85","894.33","1.64B","0.16%"
"07/08/2020","898.45","906.18","912.19","897.52","1.27B","-1.04%"
"07/07/2020","907.90","920.05","922.66","907.90","1.62B","-0.06%"
"07/03/2020","908.49","914.01","915.50","907.29","1.13B","-0.41%"
"07/02/2020","912.22","898.28","914.19","895.86","1.72B","2.23%"
"07/01/2020","892.30","889.71","892.96","878.59","1.18B","0.81%"
"06/30/2020","885.15","889.87","895.10","885.15","1.51B","0.74%"
"06/29/2020","878.64","871.03","878.76","865.37","1.32B","0.00%"
"06/26/2020","878.61","881.97","888.22","876.06","1.11B","0.42%"
"06/25/2020","874.96","870.02","875.85","861.47","1.82B","-0.60%"
"06/24/2020","880.20","901.13","903.56","879.90","1.59B","-1.91%"
"06/23/2020","897.32","899.23","901.29","892.77","1.35B","0.38%"
"06/22/2020","893.92","899.01","905.79","890.73","1.82B","-1.51%"
"06/19/2020","907.67","912.93","915.59","905.09","1.56B","-0.33%"
"06/18/2020","910.63","900.29","914.53","899.26","1.76B","-0.42%"
"06/17/2020","914.49","905.22","918.64","901.82","1.96B","0.55%"
"06/16/2020","909.52","915.72","916.97","905.63","1.67B","2.20%"
"06/15/2020","889.98","912.11","916.98","886.27","2.46B","-3.32%"
"06/12/2020","920.52","905.89","924.28","902.47","2.34B","-1.27%"
"06/11/2020","932.34","945.65","951.60","923.35","2.28B","-1.86%"
"06/10/2020","950.03","948.31","954.26","937.47","2.23B","0.89%"
"06/09/2020","941.69","964.03","971.75","936.25","3.00B","-2.43%"
"06/08/2020","965.12","975.69","979.98","959.34","3.17B","-0.03%"
"06/05/2020","965.37","949.46","968.33","939.26","3.49B","1.97%"
"06/04/2020","946.71","936.95","949.26","933.68","3.95B","3.01%"
"06/02/2020","919.05","908.03","919.05","904.53","2.44B","1.95%"
"06/01/2020","901.45","905.10","909.52","898.81","1.95B","0.61%"
"05/29/2020","896.01","886.46","896.10","879.17","3.78B","0.81%"
"05/28/2020","888.84","903.39","904.63","888.84","2.55B","-0.70%"
"05/27/2020","895.13","889.60","895.66","882.17","2.98B","0.74%"
"05/26/2020","888.53","889.03","896.78","885.98","2.37B","1.19%"
"05/25/2020","878.06","870.15","880.52","865.73","1.96B","1.18%"
"05/22/2020","867.81","872.31","873.76","855.96","2.14B","-1.61%"
"05/21/2020","881.97","889.20","891.36","877.10","2.50B","-0.13%"
"05/20/2020","883.08","876.12","883.08","872.55","2.65B","0.87%"
"05/19/2020","875.44","876.86","882.78","872.28","2.53B","1.92%"
"05/18/2020","858.94","862.10","866.75","857.05","1.77B","0.51%"
"05/15/2020","854.57","860.48","862.07","853.52","1.26B","-0.18%"
"05/14/2020","856.11","860.67","863.81","852.78","1.30B","-1.30%"
"05/13/2020","867.36","870.05","874.65","864.38","1.90B","-0.60%"
"05/12/2020","872.60","862.68","875.14","860.78","1.75B","0.96%"
"05/11/2020","864.32","857.08","869.80","856.32","1.80B","1.89%"
"05/08/2020","848.27","848.77","852.58","840.92","1.23B","0.68%"
"05/07/2020","842.56","852.75","855.67","838.04","1.68B","-1.64%"
"05/05/2020","856.57","862.83","864.96","855.72","1.48B","-1.94%"
"04/30/2020","873.56","870.04","873.56","865.34","2.19B","1.86%"
"04/29/2020","857.63","860.22","863.25","853.80","1.18B","0.39%"
"04/28/2020","854.34","848.62","861.27","843.27","1.65B","0.70%"
"04/27/2020","848.40","851.34","852.74","841.74","1.05B","0.76%"
"04/24/2020","842.03","855.05","858.73","839.61","1.57B","-1.41%"
"04/23/2020","854.09","851.45","859.57","845.89","1.72B","0.62%"
"04/22/2020","848.81","836.19","850.03","825.29","1.95B","0.73%"
"04/21/2020","842.65","839.55","850.30","835.93","1.75B","-1.50%"
"04/20/2020","855.45","835.76","862.09","831.68","1.83B","2.63%"
"04/17/2020","833.49","825.35","834.33","816.02","1.59B","3.98%"
"04/16/2020","801.61","820.44","824.95","801.61","1.89B","-3.23%"
"04/15/2020","828.38","841.46","847.45","827.05","1.96B","-2.00%"
"04/14/2020","845.32","844.94","854.07","834.11","2.51B","1.46%"
"04/13/2020","833.16","828.97","833.98","821.75","1.67B","0.50%"
"04/10/2020","829.00","812.42","829.13","811.16","1.96B","1.53%"
"04/09/2020","816.47","825.30","842.10","809.88","2.68B","0.17%"
"04/08/2020","815.05","814.38","823.28","805.74","2.61B","-1.26%"
"04/07/2020","825.42","804.69","830.44","793.47","3.11B","7.66%"
"04/03/2020","766.67","777.96","782.72","760.30","3.79B","-0.15%"
"04/02/2020","767.79","747.35","772.59","741.04","4.07B","3.69%"
"04/01/2020","740.46","749.55","761.18","740.29","2.01B","-2.17%"
"03/31/2020","756.91","747.15","758.79","741.68","2.13B","3.70%"
"03/30/2020","729.91","730.57","736.34","719.39","1.31B","-1.37%"
"03/27/2020","740.05","753.99","761.24","732.02","2.28B","0.33%"
"03/26/2020","737.58","724.06","746.55","721.66","2.24B","1.24%"
"03/25/2020","728.53","715.20","745.13","704.52","2.43B","5.41%"
"03/24/2020","691.15","712.99","715.76","681.94","2.31B","1.63%"
"03/23/2020","680.07","693.19","711.63","679.35","2.16B","-10.06%"
"03/20/2020","756.11","718.02","761.08","710.41","3.24B","9.27%"
"03/19/2020","691.99","670.64","697.29","665.27","2.30B","-0.17%"
"03/18/2020","693.14","697.38","715.32","675.79","2.14B","1.46%"
"03/17/2020","683.16","690.68","710.79","683.16","2.36B","-0.92%"
"03/16/2020","689.47","707.26","732.79","687.01","2.49B","-7.95%"
"03/13/2020","749.01","653.63","777.49","628.97","4.28B","3.07%"
"03/12/2020","726.73","769.29","772.45","712.65","3.33B","-11.70%"
"03/11/2020","822.99","836.90","848.23","812.00","1.92B","-1.97%"
"03/10/2020","839.52","833.45","852.25","830.31","2.21B","1.41%"
"03/09/2020","827.85","839.28","864.17","823.11","3.05B","-9.45%"
"03/06/2020","914.22","921.45","922.41","910.15","1.43B","-2.22%"
"03/05/2020","934.94","937.25","948.74","934.94","1.55B","0.72%"
"03/04/2020","928.25","917.65","931.33","915.15","1.38B","0.00%"
"03/03/2020","928.25","915.55","933.11","910.00","1.99B","3.37%"
"03/02/2020","897.96","911.75","915.20","884.05","1.84B","0.01%"
"02/28/2020","897.84","903.70","911.85","894.31","2.21B","-4.36%"
"02/27/2020","938.77","922.16","942.12","909.98","2.00B","2.32%"
"02/26/2020","917.49","958.07","961.12","917.49","2.66B","-5.21%"
"02/25/2020","967.92","964.38","974.46","952.09","2.07B","0.59%"
"02/24/2020","962.25","987.78","988.80","962.25","1.82B","-4.11%"
"02/21/2020","1,003.51","990.51","1,003.66","989.65","1.47B","0.35%"
"02/20/2020","999.99","1,010.72","1,011.09","994.55","1.62B","-1.13%"
"02/19/2020","1,011.38","1,018.00","1,022.72","1,008.34","1.38B","-0.37%"
"02/18/2020","1,015.09","1,019.47","1,020.52","1,012.54","1.02B","-0.98%"
"02/17/2020","1,025.18","1,023.69","1,028.12","1,021.04","978.28M","0.31%"
"02/14/2020","1,022.02","1,030.08","1,031.78","1,019.94","1.15B","-0.45%"
"02/13/2020","1,026.68","1,032.93","1,034.95","1,025.10","940.93M","-0.71%"
"02/12/2020","1,034.01","1,027.66","1,036.91","1,025.87","1.18B","1.18%"
"02/11/2020","1,021.95","1,033.20","1,034.14","1,021.19","1.17B","-0.87%"
"02/07/2020","1,030.90","1,032.15","1,034.30","1,024.64","1.25B","-0.11%"
"02/06/2020","1,032.07","1,035.92","1,038.72","1,028.72","1.59B","-0.08%"
"02/05/2020","1,032.89","1,024.78","1,034.35","1,020.48","1.46B","0.88%"
"02/04/2020","1,023.89","1,009.86","1,024.88","1,007.70","1.44B","1.80%"
"02/03/2020","1,005.79","1,013.10","1,018.89","1,005.59","1.08B","-1.21%"
"01/31/2020","1,018.08","1,028.78","1,031.37","1,018.03","1.27B","-0.65%"
"01/30/2020","1,024.76","1,019.45","1,026.74","1,018.41","1.08B","-0.18%"
"01/29/2020","1,026.58","1,024.56","1,029.63","1,015.42","1.41B","0.95%"
"01/28/2020","1,016.90","1,020.87","1,032.90","1,011.96","1.55B","-0.74%"
"01/27/2020","1,024.53","1,041.33","1,042.98","1,019.61","1.96B","-3.33%"
"01/24/2020","1,059.82","1,064.02","1,064.79","1,057.64","1.13B","-0.28%"
"01/23/2020","1,062.84","1,060.05","1,066.01","1,056.94","1.40B","-0.05%"
"01/22/2020","1,063.33","1,066.02","1,066.97","1,056.99","1.83B","0.10%"
"01/21/2020","1,062.26","1,066.66","1,070.09","1,060.49","1.76B","-0.89%"
"01/20/2020","1,071.80","1,077.28","1,078.48","1,069.72","1.46B","-0.87%"
"01/17/2020","1,081.22","1,081.83","1,084.23","1,078.16","1.36B","0.22%"
"01/16/2020","1,078.87","1,068.58","1,080.94","1,067.44","1.34B","1.05%"
"01/15/2020","1,067.66","1,069.78","1,073.38","1,063.70","1.27B","-0.59%"
"01/14/2020","1,074.04","1,076.57","1,078.39","1,067.77","1.28B","-0.02%"
"01/13/2020","1,074.25","1,075.44","1,077.54","1,068.69","1.14B","0.30%"
"01/10/2020","1,071.03","1,073.46","1,074.07","1,065.68","1.23B","-0.01%"
"01/09/2020","1,071.15","1,066.38","1,073.19","1,061.88","1.78B","1.32%"
"01/08/2020","1,057.19","1,063.94","1,066.77","1,054.24","1.97B","-1.66%"
"01/07/2020","1,075.07","1,071.20","1,075.20","1,062.78","1.58B","1.06%"
"01/06/2020","1,063.83","1,072.49","1,074.50","1,061.17","2.03B","-1.45%"
"01/03/2020","1,079.50","1,081.12","1,086.71","1,077.32","1.48B","-0.14%"
"01/02/2020","1,081.00","1,072.36","1,083.41","1,071.16","1.75B","1.17%"